datetime,Temp,Humidity,Wind_Speed_km,Temp_bins,Humidity_bins,Wind_Speed_bins,date,count,count_bins
2016-03-22,288.37009938333335,59.875,33.666666666666664,Low,Low,High,March,5,Low
2016-03-23,289.9841461583333,32.791666666666664,16.416666666666668,Medium,Low,High,March,68,High
2016-03-24,290.7827041625,38.416666666666664,6.791666666666667,Medium,Low,Medium,March,68,High
2016-03-25,290.8668099083333,52.833333333333336,8.229166666666666,Medium,Low,Medium,March,45,Medium
2016-03-26,290.3185758541667,68.5,11.541666666666666,Medium,Medium,High,March,19,Low
2016-03-27,290.36196520416667,74.875,9.979166666666666,Medium,High,Medium,March,37,Low
2016-03-28,289.2700875333333,74.25,11.354166666666666,Low,High,High,March,56,Medium
2016-03-29,285.77311557916664,49.333333333333336,27.0,Low,Low,High,March,53,Medium
2016-03-30,285.60392475,61.875,12.270833333333334,Low,Low,High,March,74,High
2016-03-31,286.7453734416667,57.416666666666664,13.8125,Low,Low,High,March,54,Medium
2016-04-01,286.4361082125,55.916666666666664,7.541666666666667,Low,Low,Medium,April,87,High
2016-04-02,284.77486917916667,40.041666666666664,7.770833333333333,Low,Low,Medium,April,29,Low
2016-04-03,288.5765811083333,77.45833333333333,8.020833333333334,Low,High,Medium,April,31,Low
2016-04-04,291.4555211708333,60.5,8.625,Medium,Low,Medium,April,35,Low
2016-04-05,290.56083333333333,76.79166666666667,10.166666666666666,Medium,High,Medium,April,61,High
2016-04-06,296.7404166666667,82.33333333333333,11.375,High,High,High,April,62,High
2016-04-07,293.9591666666667,70.875,15.291666666666666,Medium,Medium,High,April,88,High
2016-04-08,297.59999999999997,62.166666666666664,3.5625,High,Low,Low,April,60,High
2016-04-09,293.1645833333333,71.79166666666667,11.229166666666666,Medium,Medium,High,April,43,Medium
2016-04-10,290.97083333333336,65.375,1.875,Medium,Medium,Low,April,35,Low
2016-04-11,293.50333333333333,51.958333333333336,7.8125,Medium,Low,Medium,April,57,High
2016-04-12,286.2311511208333,47.333333333333336,4.791666666666667,Low,Low,Low,April,93,High
2016-04-13,289.8498023916666,72.875,16.541666666666668,Medium,Medium,High,April,57,High
2016-04-14,289.93457942083336,68.66666666666667,20.375,Medium,Medium,High,April,58,High
2016-04-15,290.29299385,40.791666666666664,32.333333333333336,Medium,Low,High,April,2,Low
2016-04-17,294.3490040875,39.375,12.854166666666666,High,Low,High,April,30,Low
2016-04-18,294.99657509583335,32.333333333333336,12.291666666666666,High,Low,High,April,76,High
2016-04-19,295.5607725708333,34.291666666666664,9.604166666666666,High,Low,Medium,April,58,High
2016-04-20,295.0509972583333,41.791666666666664,9.354166666666666,High,Low,Medium,April,50,Medium
2016-04-21,294.76666666666665,40.916666666666664,5.9375,High,Low,Low,April,87,High
2016-04-22,290.5639638833333,72.08333333333333,8.916666666666666,Medium,Medium,Medium,April,78,High
2016-04-23,290.395173225,61.833333333333336,27.041666666666668,Medium,Low,High,April,1,Low
2016-04-24,290.86316065833336,63.541666666666664,14.229166666666666,Medium,Medium,High,April,17,Low
2016-04-25,288.6965864333333,61.208333333333336,31.208333333333332,Low,Low,High,April,57,High
2016-04-26,286.8287156791667,53.375,20.9375,Low,Low,High,April,62,High
2016-04-27,289.00019467916667,60.25,14.229166666666666,Low,Low,High,April,35,Low
2016-04-28,288.2488184791667,57.125,17.333333333333332,Low,Low,High,April,63,High
2016-04-29,288.59,65.91666666666667,13.958333333333334,Low,Medium,High,April,68,High
2016-04-30,288.695,69.375,16.645833333333332,Low,Medium,High,April,25,Low
2016-05-01,285.9451576833333,80.75,6.9375,Low,High,Medium,May,5,Low
2016-05-02,288.4306778125,36.041666666666664,5.145833333333333,Low,Low,Low,May,45,Medium
2016-05-03,288.9128103875,76.5,7.75,Low,High,Medium,May,36,Low
2016-05-04,292.216966625,64.75,8.479166666666666,Medium,Medium,Medium,May,36,Low
2016-05-05,289.3391666666667,67.25,10.875,Low,Medium,Medium,May,45,Medium
2016-05-06,294.31333333333333,82.58333333333333,12.145833333333334,High,High,High,May,4,Low
2016-05-08,297.02458333333334,65.20833333333333,2.5,High,Medium,Low,May,5,Low
2016-05-09,292.8929166666667,68.0,12.041666666666666,Medium,Medium,High,May,34,Low
2016-05-10,288.3700416666667,67.66666666666667,1.75,Low,Medium,Low,May,42,Medium
2016-05-11,292.46166666666664,82.375,4.541666666666667,Medium,High,Low,May,40,Medium
2016-05-12,286.8425727041667,74.33333333333333,4.8125,Low,High,Low,May,48,Medium
2016-05-13,292.7925,75.04166666666667,13.375,Medium,High,High,May,3,Low
2016-05-16,290.6699117458333,69.33333333333333,12.6875,Medium,Medium,High,May,42,Medium
2016-05-17,291.60083333333336,71.91666666666667,13.229166666666666,Medium,Medium,High,May,55,Medium
2016-05-18,292.14625,74.45833333333333,11.958333333333334,Medium,High,High,May,100,High
2016-05-19,291.71583333333336,76.20833333333333,10.375,Medium,High,Medium,May,70,High
2016-05-20,290.43541666666664,69.45833333333333,12.8125,Medium,Medium,High,May,69,High
2016-05-21,288.5833333333333,62.666666666666664,18.791666666666668,Low,Low,High,May,33,Low
2016-05-22,288.93,60.541666666666664,15.020833333333334,Low,Low,High,May,58,High
2016-05-23,289.73083333333335,62.916666666666664,19.5,Medium,Low,High,May,71,High
2016-05-24,289.6585664666666,68.04166666666667,14.770833333333334,Medium,Medium,High,May,94,High
2016-05-25,289.31209655000004,67.29166666666667,17.958333333333332,Low,Medium,High,May,125,High
2016-05-26,289.88112709166666,67.83333333333333,13.458333333333334,Medium,Medium,High,May,97,High
2016-05-27,291.37248458333335,70.95833333333333,12.020833333333334,Medium,Medium,High,May,100,High
2016-05-28,291.58027430416666,72.625,10.604166666666666,Medium,Medium,Medium,May,47,Medium
2016-05-29,291.0385920791667,72.375,11.979166666666666,Medium,Medium,High,May,43,Medium
2016-05-30,291.42372283333333,71.58333333333333,10.208333333333334,Medium,Medium,Medium,May,40,Medium
2016-05-31,291.8391003166667,75.91666666666667,11.25,Medium,High,High,May,98,High
2016-06-01,283.1617482041667,84.95833333333333,9.854166666666666,Low,High,Medium,June,69,High
2016-06-02,290.4683333333333,25.791666666666668,4.8125,Medium,Low,Low,June,72,High
2016-06-03,288.61467207083336,78.70833333333333,18.708333333333332,Low,High,High,June,72,High
2016-06-04,293.962372575,65.16666666666667,9.958333333333334,Medium,Medium,Medium,June,40,Medium
2016-06-05,288.27708333333334,72.79166666666667,11.583333333333334,Low,Medium,High,June,39,Medium
2016-06-06,292.3775,77.58333333333333,12.375,Medium,High,High,June,81,High
2016-06-07,294.365,70.5,14.708333333333334,High,Medium,High,June,88,High
2016-06-08,296.47583333333336,69.70833333333333,2.1875,High,Medium,Low,June,75,High
2016-06-09,293.69625,74.75,10.8125,Medium,High,Medium,June,87,High
2016-06-10,285.7004166666667,52.958333333333336,1.125,Low,Low,Low,June,77,High
2016-06-11,290.82125,88.20833333333333,6.291666666666667,Medium,High,Medium,June,21,Low
2016-06-12,286.966687225,77.54166666666667,6.9375,Low,High,Medium,June,31,Low
2016-06-13,291.38375,68.16666666666667,3.7916666666666665,Medium,Medium,Low,June,94,High
2016-06-14,291.24375000000003,53.083333333333336,4.479166666666667,Medium,Low,Low,June,75,High
2016-06-16,291.98791666666665,57.791666666666664,5.125,Medium,Low,Low,June,40,Medium
2016-06-17,294.95708333333334,50.541666666666664,2.7291666666666665,High,Low,Low,June,61,High
2016-06-18,298.2233333333333,37.916666666666664,4.041666666666667,High,Low,Low,June,24,Low
2016-06-19,301.6558333333333,22.695652173913043,6.916666666666667,High,Low,Medium,June,30,Low
2016-06-20,305.51708333333335,21.363636363636363,5.5,High,Low,Low,June,56,Medium
2016-06-21,302.3833333333333,47.625,2.4166666666666665,High,Low,Low,June,73,High
2016-06-22,298.6620833333333,56.291666666666664,1.9791666666666667,High,Low,Low,June,80,High
2016-06-23,296.71375,72.58333333333333,2.1041666666666665,High,Medium,Low,June,67,High
2016-06-24,295.5670833333333,76.91666666666667,8.0625,High,High,Medium,June,72,High
2016-06-25,295.43083333333334,69.79166666666667,11.041666666666666,High,Medium,High,June,37,Low
2016-06-26,297.055,73.54166666666667,11.229166666666666,High,Medium,High,June,49,Medium
2016-06-27,298.10125,75.0,10.25,High,High,Medium,June,73,High
2016-06-28,298.71999999999997,77.20833333333333,12.958333333333334,High,High,High,June,60,High
2016-06-29,298.1458333333333,76.33333333333333,12.5,High,High,High,June,76,High
2016-06-30,297.75177615416663,73.41666666666667,13.416666666666666,High,Medium,High,June,74,High
2016-07-01,282.5793827375,82.75,6.979166666666667,Low,High,Medium,July,29,Low
2016-07-02,291.2683333333333,24.416666666666668,9.145833333333334,Medium,Low,Medium,July,14,Low
2016-07-03,285.64714031249997,68.54166666666667,25.375,Low,Medium,High,July,29,Low
2016-07-04,290.901941,75.08333333333333,5.4375,Medium,High,Low,July,45,Medium
2016-07-05,288.4816666666666,69.125,11.979166666666666,Low,Medium,High,July,75,High
2016-07-06,292.81125000000003,73.625,12.083333333333334,Medium,High,High,July,71,High
2016-07-07,294.70958333333334,70.04166666666667,13.270833333333334,High,Medium,High,July,62,High
2016-07-08,296.505,70.33333333333333,3.0416666666666665,High,Medium,Low,July,70,High
2016-07-09,294.7008333333333,81.95833333333333,10.083333333333334,High,High,Medium,July,20,Low
2016-07-10,289.17941666666667,34.208333333333336,1.75,Low,Low,Low,July,28,Low
2016-07-11,290.94875,85.83333333333333,6.541666666666667,Medium,High,Medium,July,57,High
2016-07-12,285.5359683125,75.75,5.208333333333333,Low,High,Low,July,55,Medium
2016-07-13,296.6180752208333,71.0,13.1875,High,Medium,High,July,32,Low
2016-07-14,295.1888333333333,59.416666666666664,5.166666666666667,High,Low,Low,July,66,High
2016-07-15,295.4465,53.583333333333336,1.8541666666666667,High,Low,Low,July,84,High
2016-07-16,294.865125,56.75,2.0625,High,Low,Low,July,18,Low
2016-07-17,294.39283333333333,56.208333333333336,1.75,High,Low,Low,July,5,Low
2016-07-18,295.91058333333336,45.833333333333336,1.75,High,Low,Low,July,61,High
2016-07-19,305.088,24.0,3.0,High,Low,Low,July,54,Medium
2016-07-20,305.06462500000004,26.041666666666668,3.0,High,Low,Low,July,68,High
2016-07-21,300.1489166666667,53.458333333333336,7.0625,High,Low,Medium,July,66,High
2016-07-22,301.52458333333334,54.458333333333336,12.5,High,Low,High,July,82,High
2016-07-23,301.9975,55.833333333333336,9.0625,High,Low,Medium,July,36,Low
2016-07-24,299.60875,69.0,8.666666666666666,High,Medium,Medium,July,13,Low
2016-07-25,299.965,71.04166666666667,11.395833333333334,High,Medium,High,July,61,High
2016-07-26,300.39666666666665,74.79166666666667,18.541666666666668,High,High,High,July,75,High
2016-07-27,300.66875,69.58333333333333,13.791666666666666,High,Medium,High,July,50,Medium
2016-07-28,300.31458333333336,71.41666666666667,13.625,High,Medium,High,July,58,High
2016-07-29,300.25124999999997,69.75,12.791666666666666,High,Medium,High,July,63,High
2016-07-30,299.19041666666664,69.75,10.3125,High,Medium,Medium,July,33,Low
2016-07-31,298.71708333333333,73.08333333333333,12.4375,High,Medium,High,July,39,Medium
2016-08-01,282.37395802916666,65.0,26.645833333333332,Low,Medium,High,August,75,High
2016-08-02,294.89958333333334,30.958333333333332,7.041666666666667,High,Low,Medium,August,89,High
2016-08-03,284.4396879625,66.95833333333333,26.1875,Low,Medium,High,August,26,Low
2016-08-04,288.85759574166667,85.79166666666667,7.708333333333333,Low,High,Medium,August,50,Medium
2016-08-05,288.82041666666663,67.08333333333333,17.3125,Low,Medium,High,August,81,High
2016-08-06,294.10166666666663,73.16666666666667,6.479166666666667,Medium,Medium,Medium,August,45,Medium
2016-08-07,295.4604166666667,74.08333333333333,15.958333333333334,High,High,High,August,35,Low
2016-08-08,296.33166666666665,67.83333333333333,3.375,High,Medium,Low,August,75,High
2016-08-09,294.80583333333334,70.625,13.416666666666666,High,Medium,High,August,68,High
2016-08-10,291.1501929,29.25,2.5833333333333335,Medium,Low,Low,August,83,High
2016-08-11,293.33625,74.29166666666667,5.125,Medium,High,Low,August,63,High
2016-08-12,285.79833333333335,68.33333333333333,7.833333333333333,Low,Medium,Medium,August,66,High
2016-08-13,298.58666666666664,65.58333333333333,2.2083333333333335,High,Medium,Low,August,42,Medium
2016-08-14,300.4370833333333,62.0,3.4791666666666665,High,Low,Low,August,36,Low
2016-08-15,301.4479166666667,49.375,1.7708333333333333,High,Low,Low,August,83,High
2016-08-16,299.97541666666666,36.5,2.125,High,Low,Low,August,67,High
2016-08-17,298.72291666666666,42.916666666666664,2.5416666666666665,High,Low,Low,August,53,Medium
2016-08-18,298.05,45.833333333333336,2.3125,High,Low,Low,August,42,Medium
2016-08-19,297.23291666666665,63.125,2.3541666666666665,High,Low,Low,August,44,Medium
2016-08-20,296.03416666666664,70.08333333333333,9.0625,High,Medium,Medium,August,28,Low
2016-08-21,296.34458333333333,74.91666666666667,14.104166666666666,High,High,High,August,53,Medium
2016-08-22,296.69916666666666,73.875,13.333333333333334,High,High,High,August,56,Medium
2016-08-23,296.40291666666667,74.625,11.75,High,High,High,August,57,High
2016-08-24,296.7907754125,70.375,11.854166666666666,High,Medium,High,August,44,Medium
2016-08-25,295.70916666666665,73.08333333333333,10.208333333333334,High,Medium,Medium,August,74,High
2016-08-26,294.21250000000003,70.45833333333333,11.229166666666666,High,Medium,High,August,71,High
2016-08-27,293.53125,70.83333333333333,12.041666666666666,Medium,Medium,High,August,35,Low
2016-08-28,295.5229166666667,74.79166666666667,14.395833333333334,High,High,High,August,45,Medium
2016-08-29,297.6275,70.04166666666667,12.958333333333334,High,Medium,High,August,81,High
2016-08-30,298.94166666666666,70.83333333333333,11.166666666666666,High,Medium,High,August,66,High
2016-08-31,298.7325,78.25,11.520833333333334,High,High,High,August,52,Medium
2016-09-01,282.1647360708333,62.375,4.020833333333333,Low,Low,Low,September,73,High
2016-09-02,294.55333333333334,19.666666666666668,8.583333333333334,High,Low,Medium,September,74,High
2016-09-03,288.34865529583334,58.0,13.666666666666666,Low,Low,High,September,42,Medium
2016-09-04,288.77175313333333,81.875,7.583333333333333,Low,High,Medium,September,28,Low
2016-09-05,289.3929166666667,72.0,11.083333333333334,Low,Medium,High,September,32,Low
2016-09-06,294.3808333333333,78.95833333333333,2.2291666666666665,High,High,Low,September,78,High
2016-09-07,296.10125,75.45833333333333,12.9375,High,High,High,September,58,High
2016-09-08,294.10795833333333,65.58333333333333,2.8125,Medium,Medium,Low,September,80,High
2016-09-09,294.89625,77.20833333333333,18.875,High,High,High,September,85,High
2016-09-10,292.642125,30.541666666666668,2.4791666666666665,Medium,Low,Low,September,28,Low
2016-09-11,297.02375,39.666666666666664,6.6875,High,Low,Medium,September,43,Medium
2016-09-12,286.75391895,78.54166666666667,10.25,Low,High,Medium,September,68,High
2016-09-13,291.5720833333333,72.375,17.458333333333332,Medium,Medium,High,September,59,High
2016-09-14,290.57416666666666,66.33333333333333,10.541666666666666,Medium,Medium,Medium,September,57,High
2016-09-15,292.4275,68.83333333333333,10.416666666666666,Medium,Medium,Medium,September,57,High
2016-09-16,293.2716666666667,73.25,10.125,Medium,Medium,Medium,September,40,Medium
2016-09-17,294.34083333333336,76.79166666666667,10.104166666666666,High,High,Medium,September,17,Low
2016-09-18,296.60952667916666,80.79166666666667,6.645833333333333,High,High,Medium,September,28,Low
2016-09-19,298.9479166666667,56.791666666666664,6.8125,High,Low,Medium,September,39,Medium
2016-09-20,298.03418497083334,43.916666666666664,3.0625,High,Low,Low,September,43,Medium
2016-09-21,296.7644228916667,53.625,3.7083333333333335,High,Low,Low,September,36,Low
2016-09-22,294.15745559166663,60.416666666666664,7.25,Medium,Low,Medium,September,46,Medium
2016-09-23,292.38916666666665,46.083333333333336,18.375,Medium,Low,High,September,54,Medium
2016-09-24,294.83625,42.458333333333336,1.6875,High,Low,Low,September,39,Medium
2016-09-25,298.3229922208333,26.916666666666668,3.3958333333333335,High,Low,Low,September,34,Low
2016-09-26,301.8384696708333,22.375,3.6041666666666665,High,Low,Low,September,68,High
2016-09-27,300.86953385833334,27.208333333333332,2.3958333333333335,High,Low,Low,September,77,High
2016-09-28,298.7270833333333,42.75,1.6666666666666667,High,Low,Low,September,46,Medium
2016-09-29,298.62916666666666,45.875,2.6666666666666665,High,Low,Low,September,56,Medium
2016-09-30,297.90208333333334,48.916666666666664,2.3125,High,Low,Low,September,47,Medium
2016-10-01,284.97151095416666,76.125,5.791666666666667,Low,High,Low,October,32,Low
2016-10-02,293.57960145833334,28.375,2.9375,Medium,Low,Low,October,25,Low
2016-10-03,290.0479895375,69.20833333333333,7.479166666666667,Medium,Medium,Medium,October,72,High
2016-10-04,289.16398726666665,69.20833333333333,8.1875,Low,Medium,Medium,October,83,High
2016-10-05,289.65791666666667,70.54166666666667,10.729166666666666,Medium,Medium,Medium,October,61,High
2016-10-06,293.99916666666667,79.58333333333333,1.7708333333333333,Medium,High,Low,October,59,High
2016-10-07,296.4725,74.41666666666667,15.791666666666666,High,High,High,October,66,High
2016-10-08,295.5917083333333,66.25,1.4375,High,Medium,Low,October,40,Medium
2016-10-09,295.73083333333335,80.54166666666667,13.75,High,High,High,October,8,Low
2016-10-10,292.0240833333333,43.916666666666664,1.6458333333333333,Medium,Low,Low,October,37,Low
2016-10-11,297.38625,25.916666666666668,7.125,High,Low,Medium,October,80,High
2016-10-12,287.40500000000003,87.79166666666667,6.0625,Low,High,Medium,October,64,High
2016-10-13,287.45008333333334,70.95833333333333,1.8541666666666667,Low,Medium,Low,October,47,Medium
2016-10-14,287.87003431249997,69.41666666666667,1.3333333333333333,Low,Medium,Low,October,79,High
2016-10-15,287.58633352916667,74.625,1.3333333333333333,Low,High,Low,October,34,Low
2016-10-16,289.40353054999997,82.54166666666667,1.4375,Low,High,Low,October,22,Low
2016-10-17,288.23075,88.875,1.5416666666666667,Low,High,Low,October,100,High
2016-10-18,287.11224999999996,76.41666666666667,1.2291666666666667,Low,High,Low,October,71,High
2016-10-19,286.35926097916666,60.541666666666664,1.9583333333333333,Low,Low,Low,October,63,High
2016-10-20,289.65856584166664,32.791666666666664,2.4791666666666665,Medium,Low,Low,October,72,High
2016-10-21,291.17994707083335,27.25,2.2708333333333335,Medium,Low,Low,October,30,Low
2016-10-22,289.26375,40.208333333333336,1.3333333333333333,Low,Low,Low,October,36,Low
2016-10-23,288.57425,55.916666666666664,1.125,Low,Low,Low,October,46,Medium
2016-10-24,289.58475,78.25,2.375,Medium,High,Low,October,73,High
2016-10-25,287.9814166666667,77.375,1.75,Low,High,Low,October,86,High
2016-10-26,289.2242083333333,68.45833333333333,1.75,Low,Medium,Low,October,51,Medium
2016-10-27,290.7262083333333,62.083333333333336,2.375,Medium,Low,Low,October,45,Medium
2016-10-29,288.0799583333333,78.91666666666667,1.4375,Low,High,Low,October,2,Low
2016-10-30,288.36691666666667,89.33333333333333,1.4375,Low,High,Low,October,33,Low
2016-10-31,285.25754166666667,88.04166666666667,1.4375,Low,High,Low,October,74,High
2016-11-01,285.93602806666667,68.79166666666667,4.666666666666667,Low,Medium,Low,November,86,High
2016-11-02,292.2575985875,31.916666666666668,3.6666666666666665,Medium,Low,Low,November,56,Medium
2016-11-03,289.171334525,72.16666666666667,10.041666666666666,Low,Medium,Medium,November,79,High
2016-11-04,289.69584424166663,70.20833333333333,10.0,Medium,Medium,Medium,November,69,High
2016-11-05,291.185,73.375,13.958333333333334,Medium,Medium,High,November,40,Medium
2016-11-06,291.78333333333336,82.45833333333333,1.75,Medium,High,Low,November,22,Low
2016-11-07,295.84666666666664,68.41666666666667,14.25,High,Medium,High,November,61,High
2016-11-08,296.0258333333333,67.70833333333333,2.0833333333333335,High,Medium,Low,November,79,High
2016-11-09,295.5841666666667,80.29166666666667,11.9375,High,High,High,November,54,Medium
2016-11-10,289.3659166666667,61.541666666666664,1.3333333333333333,Low,Low,Low,November,81,High
2016-11-11,295.3675,27.208333333333332,6.645833333333333,High,Low,Medium,November,73,High
2016-11-12,288.9191666666666,86.95833333333333,4.916666666666667,Low,High,Low,November,22,Low
2016-11-13,294.26416666666665,44.666666666666664,6.979166666666667,High,Low,Medium,November,44,Medium
2016-11-14,294.0708333333333,42.958333333333336,6.458333333333333,Medium,Low,Medium,November,72,High
2016-11-15,292.1708333333333,78.41666666666667,5.6875,Medium,High,Low,November,91,High
2016-11-16,289.73499999999996,87.375,5.9375,Medium,High,Low,November,49,Medium
2016-11-17,288.9195833333333,52.625,9.1875,Low,Low,Medium,November,60,High
2016-11-18,290.19875,34.625,5.125,Medium,Low,Low,November,79,High
2016-11-19,288.42,35.833333333333336,5.520833333333333,Low,Low,Low,November,26,Low
2016-11-20,288.3208333333333,84.5,3.8541666666666665,Low,High,Low,November,43,Medium
2016-11-21,287.8408333333333,88.20833333333333,10.645833333333334,Low,High,Medium,November,117,High
2016-11-22,287.8883333333333,71.41666666666667,6.25,Low,Medium,Medium,November,77,High
2016-11-23,287.745,72.45833333333333,6.5625,Low,Medium,Medium,November,58,High
2016-11-24,288.7199184375,38.0,4.958333333333333,Low,Low,Low,November,40,Medium
2016-11-25,289.3975,24.208333333333332,4.6875,Low,Low,Low,November,52,Medium
2016-11-26,285.9579166666667,67.83333333333333,5.041666666666667,Low,Medium,Low,November,26,Low
2016-11-27,284.93416666666667,86.33333333333333,19.4375,Low,High,High,November,23,Low
2016-11-28,285.2183333333333,53.5,9.395833333333334,Low,Low,Medium,November,73,High
2016-11-29,286.3808333333333,72.66666666666667,5.375,Low,Medium,Low,November,54,Medium
2016-11-30,286.117946175,49.416666666666664,6.583333333333333,Low,Low,Medium,November,91,High
2016-12-01,284.60580204166666,49.0,5.791666666666667,Low,Low,Low,December,85,High
2016-12-02,291.74120842083335,38.958333333333336,6.354166666666667,Medium,Low,Medium,December,79,High
2016-12-03,284.94870191666666,66.875,15.916666666666666,Low,Medium,High,December,30,Low
2016-12-04,290.10999610833335,72.29166666666667,10.895833333333334,Medium,Medium,Medium,December,50,Medium
2016-12-05,292.5154166666667,79.66666666666667,13.166666666666666,Medium,High,High,December,57,High
2016-12-06,290.9220833333333,86.5,2.4791666666666665,Medium,High,Low,December,57,High
2016-12-07,295.6135709083333,68.375,14.958333333333334,High,Medium,High,December,58,High
2016-12-08,296.90708333333333,71.91666666666667,2.2291666666666665,High,Medium,Low,December,43,Medium
2016-12-09,293.21666666666664,76.70833333333333,12.541666666666666,Medium,High,High,December,75,High
2016-12-10,287.1780416666667,70.375,1.4375,Low,Medium,Low,December,31,Low
2016-12-11,293.965,38.625,6.770833333333333,Medium,Low,Medium,December,25,Low
2016-12-12,289.05458333333337,83.875,5.5625,Low,High,Low,December,65,High
2016-12-13,288.3233333333333,83.5,4.520833333333333,Low,High,Low,December,75,High
2016-12-14,287.2129166666667,83.375,5.083333333333333,Low,High,Low,December,70,High
2016-12-15,288.0891666666667,86.08333333333333,5.166666666666667,Low,High,Low,December,62,High
2016-12-16,287.51235806666665,88.95833333333333,29.833333333333332,Low,High,High,December,94,High
2016-12-17,283.726255325,44.583333333333336,17.229166666666668,Low,Low,High,December,38,Medium
2016-12-18,282.3850664916667,46.208333333333336,4.958333333333333,Low,Low,Low,December,41,Medium
2016-12-19,285.5670544416667,28.541666666666668,6.729166666666667,Low,Low,Medium,December,60,High
2016-12-20,287.60291666666666,15.541666666666666,4.145833333333333,Low,Low,Low,December,48,Medium
2016-12-21,289.6245833333333,31.0,6.354166666666667,Medium,Low,Medium,December,49,Medium
2016-12-22,286.83125,87.16666666666667,7.020833333333333,Low,High,Medium,December,48,Medium
2016-12-23,286.9691666666667,82.20833333333333,6.729166666666667,Low,High,Medium,December,42,Medium
2016-12-24,284.95958333333334,74.04166666666667,23.416666666666668,Low,High,High,December,36,Low
2016-12-25,281.515,51.083333333333336,7.833333333333333,Low,Low,Medium,December,26,Low
2016-12-26,282.3775,55.416666666666664,4.666666666666667,Low,Low,Low,December,38,Medium
2016-12-27,285.29833333333335,43.458333333333336,7.541666666666667,Low,Low,Medium,December,37,Low
2016-12-28,287.57125,35.958333333333336,5.375,Low,Low,Low,December,28,Low
2016-12-29,289.1958333333333,34.75,4.479166666666667,Low,Low,Low,December,52,Medium
2016-12-30,289.0825,59.708333333333336,8.395833333333334,Low,Low,Medium,December,52,Medium
2016-12-31,286.4166666666667,90.16666666666667,10.354166666666666,Low,High,Medium,December,27,Low
2017-01-01,282.1508333333333,83.54166666666667,7.166666666666667,Low,High,Medium,January,5,Low
2017-01-02,286.5204166666667,66.33333333333333,6.375,Low,Medium,Medium,January,14,Low
2017-01-03,286.3220833333333,52.166666666666664,7.4375,Low,Low,Medium,January,46,Medium
2017-01-04,288.61333333333334,52.125,13.083333333333334,Low,Low,High,January,30,Low
2017-01-05,293.7629166666666,55.958333333333336,11.083333333333334,Medium,Low,High,January,55,Medium
2017-01-06,291.3220833333333,75.91666666666667,9.6875,Medium,High,Medium,January,54,Medium
2017-01-07,293.4770833333333,83.79166666666667,13.458333333333334,Medium,High,High,January,38,Medium
2017-01-08,297.5129166666667,69.875,3.2708333333333335,High,Medium,Low,January,25,Low
2017-01-09,302.8616666666667,56.416666666666664,4.583333333333333,High,Low,Low,January,61,High
2017-01-10,293.62708333333336,72.20833333333333,10.458333333333334,Medium,Medium,Medium,January,60,High
2017-01-11,291.385,70.41666666666667,5.145833333333333,Medium,Medium,Low,January,92,High
2017-01-13,284.41416666666663,87.04166666666667,4.145833333333333,Low,High,Low,January,76,High
2017-01-14,285.87583333333333,74.0,11.125,Low,High,High,January,34,Low
2017-01-15,286.5620833333333,71.41666666666667,7.958333333333333,Low,Medium,Medium,January,32,Low
2017-01-16,286.3025,78.625,8.333333333333334,Low,High,Medium,January,33,Low
2017-01-17,285.3645833333333,73.45833333333333,8.291666666666666,Low,Medium,Medium,January,62,High
2017-01-18,284.94,72.625,7.083333333333333,Low,Medium,Medium,January,49,Medium
2017-01-19,286.0125,80.04166666666667,16.833333333333332,Low,High,High,January,73,High
2017-01-20,285.1166666666667,87.75,16.604166666666668,Low,High,High,January,65,High
2017-01-21,284.33708333333334,68.58333333333333,32.666666666666664,Low,Medium,High,January,36,Low
2017-01-22,284.3854166666667,79.875,21.729166666666668,Low,High,High,January,28,Low
2017-01-23,284.4504166666666,86.125,20.125,Low,High,High,January,65,High
2017-01-24,279.6245416666667,81.625,6.5,Low,High,Medium,January,34,Low
2017-01-25,277.4688333333333,77.0,5.9375,Low,High,Low,January,43,Medium
2017-01-26,282.53416666666664,61.958333333333336,6.083333333333333,Low,Low,Medium,January,40,Medium
2017-01-27,285.37416666666667,47.125,14.125,Low,Low,High,January,34,Low
2017-01-28,286.08458333333334,42.75,7.791666666666667,Low,Low,Medium,January,26,Low
2017-01-29,287.71541666666667,36.041666666666664,5.770833333333333,Low,Low,Low,January,33,Low
2017-01-30,290.1829166666667,32.791666666666664,4.583333333333333,Medium,Low,Low,January,49,Medium
2017-01-31,288.91791666666666,42.166666666666664,4.895833333333333,Low,Low,Low,January,47,Medium
2017-02-01,284.2008333333333,73.625,6.5,Low,High,Medium,February,34,Low
2017-02-02,286.37375,71.95833333333333,4.395833333333333,Low,Medium,Low,February,60,High
2017-02-03,289.4841666666667,36.75,6.375,Low,Low,Medium,February,54,Medium
2017-02-04,290.4945833333333,66.625,9.166666666666666,Medium,Medium,Medium,February,31,Low
2017-02-05,294.23333333333335,66.66666666666667,9.083333333333334,High,Medium,Medium,February,27,Low
2017-02-06,292.72666666666663,74.875,11.895833333333334,Medium,High,High,February,70,High
2017-02-07,293.66739221250003,76.95833333333333,9.5,Medium,High,Medium,February,86,High
2017-02-08,300.01375,61.5,3.75,High,Low,Low,February,85,High
2017-02-09,303.33375,45.833333333333336,5.75,High,Low,Low,February,54,Medium
2017-02-10,293.07958333333335,67.875,4.604166666666667,Medium,Medium,Low,February,43,Medium
2017-02-11,290.76166666666666,73.5,7.479166666666667,Medium,Medium,Medium,February,58,High
2017-02-13,289.6208511125,54.208333333333336,7.6875,Medium,Low,Medium,February,56,Medium
2017-02-14,286.7352140958333,48.041666666666664,1.5625,Low,Low,Low,February,67,High
2017-02-15,285.14525,49.083333333333336,1.8541666666666667,Low,Low,Low,February,46,Medium
2017-02-16,284.397375,64.5,1.4375,Low,Medium,Low,February,62,High
2017-02-17,284.169625,80.375,8.208333333333334,Low,High,Medium,February,38,Medium
2017-02-18,282.808875,95.95833333333333,8.520833333333334,Low,High,Medium,February,43,Medium
2017-02-19,280.47016666666667,88.54166666666667,2.0625,Low,High,Low,February,41,Medium
2017-02-20,283.27566666666667,97.33333333333333,1.0208333333333333,Low,High,Low,February,29,Low
2017-02-21,284.8723426458333,91.54166666666667,3.125,Low,High,Low,February,32,Low
2017-02-22,287.41041666666666,79.83333333333333,11.75,Low,High,High,February,54,Medium
2017-02-23,284.8383333333333,44.291666666666664,22.208333333333332,Low,Low,High,February,52,Medium
2017-02-24,283.3275,36.416666666666664,16.5,Low,Low,High,February,51,Medium
2017-02-25,283.29375,60.75,8.916666666666666,Low,Low,Medium,February,33,Low
2017-02-26,284.09041666666667,72.41666666666667,10.708333333333334,Low,Medium,Medium,February,45,Medium
2017-02-27,284.32916666666665,70.45833333333333,6.354166666666667,Low,Medium,Medium,February,23,Low
2017-02-28,284.77375,64.0,9.875,Low,Medium,Medium,February,35,Low
2017-03-01,283.65625,75.95833333333333,3.125,Low,High,Low,March,42,Medium
2017-03-02,287.1170833333333,83.0,6.083333333333333,Low,High,Medium,March,55,Medium
2017-03-03,290.7908333333333,30.791666666666668,7.333333333333333,Medium,Low,Medium,March,60,High
2017-03-04,288.73583333333335,78.45833333333333,12.083333333333334,Low,High,High,March,31,Low
2017-03-05,294.5,67.08333333333333,12.791666666666666,High,Medium,High,March,32,Low
2017-03-06,293.8475,81.45833333333333,14.0625,Medium,High,High,March,46,Medium
2017-03-07,294.555,75.33333333333333,9.375,High,High,Medium,March,35,Low
2017-03-08,300.5054166666667,62.333333333333336,4.125,High,Low,Low,March,37,Low
2017-03-09,304.12333333333333,47.875,11.979166666666666,High,Low,High,March,68,High
2017-03-10,292.7083333333333,70.95833333333333,7.1875,Medium,Medium,Medium,March,46,Medium
2017-03-11,290.37666666666667,61.208333333333336,2.2291666666666665,Medium,Low,Low,March,26,Low
2017-03-13,291.27872414166666,84.875,7.145833333333333,Medium,High,Medium,March,36,Low
2017-03-14,291.37833333333333,82.75,6.020833333333333,Medium,High,Medium,March,38,Medium
2017-03-15,292.56336157916667,79.54166666666667,9.8125,Medium,High,Medium,March,40,Medium
2017-03-16,291.54583333333335,75.45833333333333,9.083333333333334,Medium,High,Medium,March,46,Medium
2017-03-17,290.5754166666666,83.20833333333333,8.229166666666666,Medium,High,Medium,March,45,Medium
2017-03-18,290.15333333333336,81.625,7.604166666666667,Medium,High,Medium,March,57,High
2017-03-19,290.30125000000004,81.66666666666667,10.520833333333334,Medium,High,Medium,March,41,Medium
2017-03-20,289.13375,73.45833333333333,10.5,Low,Medium,Medium,March,59,High
2017-03-21,288.47391666666664,77.375,11.416666666666666,Low,High,High,March,51,Medium
2017-03-22,288.4083333333333,84.20833333333333,10.166666666666666,Low,High,Medium,March,59,High
2017-03-23,287.68541666666664,58.833333333333336,23.375,Low,Low,High,March,50,Medium
2017-03-24,287.5754166666666,68.45833333333333,16.0625,Low,Medium,High,March,74,High
2017-03-25,288.4325,74.66666666666667,17.270833333333332,Low,High,High,March,26,Low
2017-03-26,288.1433333333333,77.125,10.208333333333334,Low,High,Medium,March,40,Medium
2017-03-27,288.6779166666667,70.54166666666667,23.1875,Low,Medium,High,March,48,Medium
2017-03-28,290.11375,40.708333333333336,31.333333333333332,Medium,Low,High,March,67,High
2017-03-29,291.75124999999997,58.458333333333336,8.770833333333334,Medium,Low,Medium,March,69,High
2017-03-30,291.5229166666667,66.20833333333333,12.4375,Medium,Medium,High,March,57,High
2017-03-31,289.7404166666667,33.041666666666664,26.916666666666668,Medium,Low,High,March,52,Medium
2017-04-01,284.265,73.79166666666667,8.208333333333334,Low,High,Medium,April,26,Low
2017-04-02,287.3329166666667,88.5,5.020833333333333,Low,High,Low,April,35,Low
2017-04-03,288.51,55.041666666666664,7.166666666666667,Low,Low,Medium,April,72,High
2017-04-04,289.30958333333336,72.375,9.354166666666666,Low,Medium,Medium,April,33,Low
2017-04-05,294.58708333333334,77.95833333333333,15.270833333333334,High,High,High,April,49,Medium
2017-04-06,293.12916666666666,84.625,10.75,Medium,High,Medium,April,47,Medium
2017-04-07,296.4375,77.79166666666667,14.416666666666666,High,High,High,April,72,High
2017-04-08,299.37416666666667,63.458333333333336,6.166666666666667,High,Low,Medium,April,37,Low
2017-04-09,298.15416666666664,73.375,10.708333333333334,High,Medium,Medium,April,11,Low
2017-04-10,291.8129166666667,67.45833333333333,6.520833333333333,Medium,Medium,Medium,April,46,Medium
2017-04-11,290.32916666666665,65.20833333333333,3.3541666666666665,Medium,Medium,Low,April,40,Medium
2017-04-13,288.33586057916665,74.75,15.291666666666666,Low,High,High,April,57,High
2017-04-14,288.2241666666667,63.416666666666664,21.270833333333332,Low,Low,High,April,82,High
2017-04-15,289.4116666666667,56.166666666666664,14.541666666666666,Low,Low,High,April,34,Low
2017-04-16,290.845,61.25,9.625,Medium,Low,Medium,April,17,Low
2017-04-17,290.4275,62.75,13.6875,Medium,Low,High,April,52,Medium
2017-04-18,291.47083333333336,83.45833333333333,16.958333333333332,Medium,High,High,April,58,High
2017-04-19,291.33125,82.125,15.541666666666666,Medium,High,High,April,73,High
2017-04-20,291.4008333333333,69.0,16.145833333333332,Medium,Medium,High,April,51,Medium
2017-04-21,293.5,56.375,12.0,Medium,Low,High,April,51,Medium
2017-04-22,296.1254166666667,50.875,11.3125,High,Low,High,April,43,Medium
2017-04-23,293.77625,63.875,15.083333333333334,Medium,Medium,High,April,33,Low
2017-04-24,290.81166666666667,68.375,12.25,Medium,Medium,High,April,47,Medium
2017-04-25,290.86583333333334,55.291666666666664,19.645833333333332,Medium,Low,High,April,53,Medium
2017-04-26,292.15125,57.875,20.4375,Medium,Low,High,April,71,High
2017-04-27,291.47583333333336,72.625,15.666666666666666,Medium,Medium,High,April,45,Medium
2017-04-28,294.53541666666666,25.958333333333332,30.395833333333332,High,Low,High,April,66,High
2017-04-29,296.08916666666664,14.583333333333334,20.4375,High,Low,High,April,42,Medium
2017-04-30,293.8695833333333,35.0,15.375,Medium,Low,High,April,31,Low
2017-05-01,286.6304166666667,94.04166666666667,7.25,Low,High,Medium,May,56,Medium
2017-05-02,286.03249999999997,84.0,5.645833333333333,Low,High,Low,May,44,Medium
2017-05-03,286.53125,77.875,9.229166666666666,Low,High,Medium,May,44,Medium
2017-05-04,291.8775,71.5,11.416666666666666,Medium,Medium,High,May,34,Low
2017-05-05,291.18666666666667,81.04166666666667,10.979166666666666,Medium,High,High,May,51,Medium
2017-05-06,292.5495833333334,80.45833333333333,11.5,Medium,High,High,May,43,Medium
2017-05-07,296.84499999999997,70.95833333333333,14.479166666666666,High,Medium,High,May,43,Medium
2017-05-08,297.37833333333333,70.04166666666667,5.520833333333333,High,Medium,Low,May,44,Medium
2017-05-09,297.1458333333333,74.20833333333333,8.1875,High,High,Medium,May,40,Medium
2017-05-10,293.1070833333333,54.041666666666664,3.9583333333333335,Medium,Low,Low,May,23,Low
2017-05-11,290.82874999999996,77.04166666666667,4.958333333333333,Medium,High,Low,May,40,Medium
2017-05-13,290.7241666666667,62.958333333333336,19.520833333333332,Medium,Low,High,May,27,Low
2017-05-14,290.1204166666667,63.333333333333336,14.541666666666666,Medium,Low,High,May,28,Low
2017-05-15,288.61125,66.33333333333333,16.229166666666668,Low,Medium,High,May,43,Medium
2017-05-16,288.2320833333333,64.25,18.270833333333332,Low,Medium,High,May,18,Low
2017-05-17,288.72208333333333,67.375,11.854166666666666,Low,Medium,High,May,52,Medium
2017-05-18,289.74875000000003,70.25,17.083333333333332,Medium,Medium,High,May,57,High
2017-05-19,293.27208333333334,63.375,11.0,Medium,Low,High,May,77,High
2017-05-20,296.16291666666666,43.916666666666664,17.604166666666668,High,Low,High,May,28,Low
2017-05-21,296.7891666666667,57.833333333333336,11.125,High,Low,High,May,37,Low
2017-05-22,294.58,74.875,12.666666666666666,High,High,High,May,41,Medium
2017-05-23,294.32166666666666,79.41666666666667,15.208333333333334,High,High,High,May,54,Medium
2017-05-24,292.72125,78.33333333333333,15.916666666666666,Medium,High,High,May,51,Medium
2017-05-25,290.30583333333334,70.33333333333333,15.479166666666666,Medium,Medium,High,May,19,Low
2017-05-26,290.7604166666667,65.95833333333333,17.0,Medium,Medium,High,May,13,Low
2017-05-27,290.6879166666667,67.41666666666667,19.791666666666668,Medium,Medium,High,May,8,Low
2017-05-28,291.715,71.75,15.791666666666666,Medium,Medium,High,May,3,Low
2017-05-29,291.89125,77.08333333333333,11.479166666666666,Medium,High,High,May,4,Low
2017-05-30,291.3958333333333,77.25,11.375,Medium,High,High,May,20,Low
2017-05-31,290.82708333333335,80.125,11.375,Medium,High,High,May,19,Low
2017-06-01,286.27458333333334,82.29166666666667,5.416666666666667,Low,High,Low,June,56,Medium
2017-06-02,285.83375,91.25,10.041666666666666,Low,High,Medium,June,35,Low
2017-06-03,283.99375,45.916666666666664,20.145833333333332,Low,Low,High,June,44,Medium
2017-06-04,291.29211385,79.625,9.8125,Medium,High,Medium,June,35,Low
2017-06-05,289.71791666666667,73.66666666666667,14.25,Medium,High,High,June,50,Medium
2017-06-06,292.1475,79.75,9.125,Medium,High,Medium,June,45,Medium
2017-06-07,297.43083333333334,70.66666666666667,11.333333333333334,High,Medium,High,June,78,High
2017-06-08,296.63375,73.625,6.708333333333333,High,High,Medium,June,56,Medium
2017-06-09,298.04625,66.75,4.916666666666667,High,Medium,Low,June,58,High
2017-06-10,294.78833333333336,53.291666666666664,5.458333333333333,High,Low,Low,June,42,Medium
2017-06-11,290.22666666666663,68.45833333333333,5.395833333333333,Medium,Medium,Low,June,40,Medium
2017-06-13,292.26666666666665,66.66666666666667,15.416666666666666,Medium,Medium,High,June,28,Low
2017-06-14,294.6095833333333,62.166666666666664,12.145833333333334,High,Low,High,June,41,Medium
2017-06-15,295.9270833333333,66.91666666666667,11.104166666666666,High,Medium,High,June,32,Low
2017-06-16,296.7325,68.5,11.229166666666666,High,Medium,High,June,59,High
2017-06-17,296.9195833333333,73.79166666666667,13.5625,High,High,High,June,28,Low
2017-06-18,296.4266666666667,74.58333333333333,12.958333333333334,High,High,High,June,33,Low
2017-06-19,296.50124999999997,79.54166666666667,13.1875,High,High,High,June,51,Medium
2017-06-20,296.9525,85.20833333333333,13.791666666666666,High,High,High,June,47,Medium
2017-06-21,297.326,79.125,12.708333333333334,High,High,High,June,58,High
2017-06-22,295.2054166666667,82.125,11.083333333333334,High,High,High,June,55,Medium
2017-06-23,294.3433333333333,80.91666666666667,13.395833333333334,High,High,High,June,41,Medium
2017-06-24,294.10083333333336,83.95833333333333,16.3125,Medium,High,High,June,33,Low
2017-06-25,296.81041666666664,75.83333333333333,14.208333333333334,High,High,High,June,25,Low
2017-06-26,298.85125,63.833333333333336,12.729166666666666,High,Medium,High,June,59,High
2017-06-27,298.3316038291667,55.208333333333336,11.0,High,Low,High,June,64,High
2017-06-28,295.08458333333334,70.0,13.270833333333334,High,Medium,High,June,54,Medium
2017-06-29,293.6095833333333,73.0,11.6875,Medium,Medium,High,June,52,Medium
2017-06-30,293.4108333333333,74.83333333333333,11.354166666666666,Medium,High,High,June,51,Medium
2017-07-01,286.22666666666663,71.16666666666667,11.354166666666666,Low,Medium,High,July,34,Low
2017-07-02,288.0933333333333,92.41666666666667,5.520833333333333,Low,High,Low,July,25,Low
2017-07-03,286.50375,44.416666666666664,9.479166666666666,Low,Low,Medium,July,42,Medium
2017-07-04,289.81370028333333,77.08333333333333,13.229166666666666,Medium,High,High,July,30,Low
2017-07-05,286.1033333333333,67.79166666666667,32.854166666666664,Low,Medium,High,July,50,Medium
2017-07-06,291.73875,83.375,9.395833333333334,Medium,High,Medium,July,42,Medium
2017-07-07,299.49,67.625,10.416666666666666,High,Medium,Medium,July,45,Medium
2017-07-08,296.3545833333333,73.66666666666667,6.354166666666667,High,High,Medium,July,27,Low
2017-07-09,296.8983333333333,67.75,5.375,High,Medium,Low,July,39,Medium
2017-07-10,297.0825,28.708333333333332,2.625,High,Low,Low,July,42,Medium
2017-07-11,291.16333333333336,66.95833333333333,2.9791666666666665,Medium,Medium,Low,July,45,Medium
2017-07-13,296.835,77.66666666666667,12.1875,High,High,High,July,30,Low
2017-07-14,296.6245833333333,78.54166666666667,14.416666666666666,High,High,High,July,31,Low
2017-07-15,297.3675,77.625,13.854166666666666,High,High,High,July,18,Low
2017-07-16,297.44374999999997,73.25,11.979166666666666,High,Medium,High,July,24,Low
2017-07-17,297.1816666666667,72.125,6.479166666666667,High,Medium,Medium,July,36,Low
2017-07-18,296.77375,72.375,9.916666666666666,High,Medium,Medium,July,57,High
2017-07-19,297.2275,71.41666666666667,9.020833333333334,High,Medium,Medium,July,45,Medium
2017-07-20,297.5733333333333,70.29166666666667,5.5625,High,Medium,Low,July,34,Low
2017-07-21,296.7091666666667,68.04166666666667,3.1875,High,Medium,Low,July,32,Low
2017-07-22,297.0308333333333,71.125,5.8125,High,Medium,Low,July,30,Low
2017-07-23,297.05875,72.375,6.6875,High,Medium,Medium,July,30,Low
2017-07-24,296.1175,70.375,6.208333333333333,High,Medium,Medium,July,40,Medium
2017-07-25,296.0720833333333,73.125,5.895833333333333,High,Medium,Low,July,40,Medium
2017-07-26,296.34125,71.79166666666667,11.666666666666666,High,Medium,High,July,33,Low
2017-07-27,296.7754166666667,70.54166666666667,5.291666666666667,High,Medium,Low,July,33,Low
2017-07-28,296.59375,73.79166666666667,6.375,High,High,Medium,July,27,Low
2017-07-29,295.85375,71.375,4.8125,High,Medium,Low,July,23,Low
2017-07-30,296.3229166666667,73.16666666666667,10.645833333333334,High,Medium,Medium,July,24,Low
2017-07-31,295.60625,80.25,8.1875,High,High,Medium,July,16,Low
2017-08-01,288.93875,52.583333333333336,5.625,Low,Low,Low,August,31,Low
2017-08-02,289.6333333333333,90.75,4.875,Medium,High,Low,August,26,Low
2017-08-03,290.2629166666667,47.0,8.791666666666666,Medium,Low,Medium,August,32,Low
2017-08-04,289.0995833333333,75.95833333333333,18.125,Low,High,High,August,33,Low
2017-08-05,286.84583333333336,73.625,9.916666666666666,Low,High,Medium,August,31,Low
2017-08-06,291.6175,84.66666666666667,14.708333333333334,Medium,High,High,August,25,Low
2017-08-07,301.12208333333336,53.208333333333336,7.354166666666667,High,Low,Medium,August,46,Medium
2017-08-08,297.26375,70.41666666666667,7.208333333333333,High,Medium,Medium,August,37,Low
2017-08-09,296.5225,69.16666666666667,5.208333333333333,High,Medium,Low,August,49,Medium
2017-08-10,294.93458333333336,63.791666666666664,5.0,High,Medium,Low,August,41,Medium
2017-08-11,291.30762108749997,65.0,3.2708333333333335,Medium,Medium,Low,August,33,Low
2017-08-13,295.89833333333337,74.16666666666667,6.229166666666667,High,High,Medium,August,36,Low
2017-08-14,295.40208333333334,74.79166666666667,8.979166666666666,High,High,Medium,August,32,Low
2017-08-15,294.0233333333333,75.66666666666667,11.3125,Medium,High,High,August,36,Low
2017-08-16,292.95525000000004,68.29166666666667,6.6875,Medium,Medium,Medium,August,52,Medium
2017-08-17,294.75624999999997,70.41666666666667,3.3958333333333335,High,Medium,Low,August,50,Medium
2017-08-18,295.20375,72.79166666666667,6.875,High,Medium,Medium,August,60,High
2017-08-19,295.07458333333335,72.20833333333333,5.604166666666667,High,Medium,Low,August,26,Low
2017-08-20,294.86,68.79166666666667,3.7291666666666665,High,Medium,Low,August,36,Low
2017-08-21,294.93375,69.91666666666667,9.5625,High,Medium,Medium,August,37,Low
2017-08-22,295.59541666666667,71.70833333333333,7.645833333333333,High,Medium,Medium,August,32,Low
2017-08-23,295.3929166666667,75.91666666666667,7.833333333333333,High,High,Medium,August,36,Low
2017-08-24,294.31458333333336,72.875,7.354166666666667,High,Medium,Medium,August,41,Medium
2017-08-25,294.38958333333335,78.875,8.520833333333334,High,High,Medium,August,50,Medium
2017-08-26,296.06,76.75,7.791666666666667,High,High,Medium,August,34,Low
2017-08-27,297.0725,85.04166666666667,12.375,High,High,High,August,26,Low
2017-08-28,298.2895833333333,79.79166666666667,7.958333333333333,High,High,Medium,August,42,Medium
2017-08-29,300.49333333333334,63.208333333333336,4.104166666666667,High,Low,Low,August,38,Medium
2017-08-30,301.135,56.791666666666664,4.8125,High,Low,Low,August,50,Medium
2017-08-31,302.29333333333335,49.916666666666664,9.333333333333334,High,Low,Medium,August,42,Medium
2017-09-01,288.5570833333333,70.54166666666667,6.333333333333333,Low,Medium,Medium,September,77,High
2017-09-02,289.68583333333333,93.5,8.5625,Medium,High,Medium,September,21,Low
2017-09-03,291.9820833333333,53.208333333333336,7.791666666666667,Medium,Low,Medium,September,15,Low
2017-09-04,287.64958333333334,58.541666666666664,18.375,Low,Low,High,September,35,Low
2017-09-05,289.87666666666667,72.95833333333333,14.875,Medium,Medium,High,September,56,Medium
2017-09-06,291.76958333333334,72.91666666666667,14.4375,Medium,Medium,High,September,50,Medium
2017-09-07,300.37,62.5,15.5,High,Low,High,September,66,High
2017-09-08,296.95708333333334,70.29166666666667,5.166666666666667,High,Medium,Low,September,46,Medium
2017-09-09,295.47041666666667,69.16666666666667,5.166666666666667,High,Medium,Low,September,20,Low
2017-09-10,293.94666666666666,65.08695652173913,8.854166666666666,Medium,Medium,Medium,September,30,Low
2017-09-11,291.25901232916664,77.79166666666667,5.458333333333333,Medium,High,Low,September,34,Low
2017-09-13,295.14166666666665,74.0,7.166666666666667,High,High,Medium,September,55,Medium
2017-09-14,293.3925,67.41666666666667,8.729166666666666,Medium,Medium,Medium,September,34,Low
2017-09-15,293.6191666666667,67.625,4.9375,Medium,Medium,Low,September,44,Medium
2017-09-16,293.7391666666667,70.29166666666667,5.1875,Medium,Medium,Low,September,16,Low
2017-09-17,293.645,70.95833333333333,3.4583333333333335,Medium,Medium,Low,September,18,Low
2017-09-18,293.12208333333336,74.08333333333333,5.916666666666667,Medium,High,Low,September,51,Medium
2017-09-19,294.0516666666667,72.79166666666667,9.333333333333334,Medium,Medium,Medium,September,39,Medium
2017-09-20,293.73791666666665,70.41666666666667,6.5,Medium,Medium,Medium,September,39,Medium
2017-09-21,293.5130203333333,71.70833333333333,16.895833333333332,Medium,Medium,High,September,42,Medium
2017-09-22,291.0154166666667,60.791666666666664,5.9375,Medium,Low,Low,September,65,High
2017-09-23,291.07916666666665,61.791666666666664,4.875,Medium,Low,Low,September,31,Low
2017-09-24,292.7008333333333,57.083333333333336,3.8333333333333335,Medium,Low,Low,September,14,Low
2017-09-25,295.2183333333333,29.5,7.625,High,Low,Medium,September,43,Medium
2017-09-26,295.27625,32.5,6.854166666666667,High,Low,Medium,September,56,Medium
2017-09-27,294.71625,66.45833333333333,4.916666666666667,High,Medium,Low,September,40,Medium
2017-09-28,295.4862152,66.75,7.166666666666667,High,Medium,Medium,September,50,Medium
2017-09-29,296.35291666666666,60.625,3.6666666666666665,High,Low,Low,September,46,Medium
2017-09-30,295.09041666666667,71.66666666666667,6.6875,High,Medium,Medium,September,18,Low
2017-10-01,285.73625,90.83333333333333,5.145833333333333,Low,High,Low,October,19,Low
2017-10-02,288.79791666666665,90.33333333333333,6.0,Low,High,Medium,October,56,Medium
2017-10-03,291.99291666666664,55.5,6.208333333333333,Medium,Low,Medium,October,58,High
2017-10-04,289.3691666666667,56.666666666666664,11.604166666666666,Low,Low,High,October,43,Medium
2017-10-05,289.995,71.45833333333333,11.270833333333334,Medium,Medium,High,October,58,High
2017-10-06,292.0470833333333,76.95833333333333,12.229166666666666,Medium,High,High,October,51,Medium
2017-10-07,299.5641404583333,68.375,10.9375,High,Medium,High,October,27,Low
2017-10-08,297.08750000000003,71.66666666666667,4.8125,High,Medium,Low,October,26,Low
2017-10-09,297.1045833333333,67.54166666666667,6.041666666666667,High,Medium,Medium,October,36,Low
2017-10-10,294.57208333333335,60.208333333333336,4.75,High,Low,Low,October,39,Medium
2017-10-11,290.09625,76.29166666666667,5.875,Medium,High,Low,October,42,Medium
2017-10-13,291.7420833333333,77.25,3.3125,Medium,High,Low,October,47,Medium
2017-10-14,292.92425,68.66666666666667,1.9791666666666667,Medium,Medium,Low,October,29,Low
2017-10-15,296.30625,54.541666666666664,5.645833333333333,High,Low,Low,October,26,Low
2017-10-16,297.57666666666665,24.875,2.7708333333333335,High,Low,Low,October,58,High
2017-10-17,297.6720833333333,28.208333333333332,4.416666666666667,High,Low,Low,October,59,High
2017-10-18,297.2029166666667,48.583333333333336,2.6458333333333335,High,Low,Low,October,36,Low
2017-10-19,294.29583333333335,70.91666666666667,6.270833333333333,High,Medium,Medium,October,42,Medium
2017-10-20,292.455,73.33333333333333,7.9375,Medium,Medium,Medium,October,71,High
2017-10-21,291.65458333333333,55.0,4.75,Medium,Low,Low,October,16,Low
2017-10-22,294.63,35.958333333333336,2.7083333333333335,High,Low,Low,October,37,Low
2017-10-23,299.035,30.043478260869566,5.6875,High,Low,Low,October,49,Medium
2017-10-24,304.0458333333333,19.541666666666668,14.270833333333334,High,Low,High,October,34,Low
2017-10-25,303.2966666666667,22.791666666666668,2.9166666666666665,High,Low,Low,October,33,Low
2017-10-26,298.43625000000003,25.125,3.6666666666666665,High,Low,Low,October,49,Medium
2017-10-27,295.45750000000004,37.916666666666664,2.7916666666666665,High,Low,Low,October,52,Medium
2017-10-28,293.55916666666667,74.33333333333333,3.0,Medium,High,Low,October,22,Low
2017-10-29,291.7866666666667,87.91666666666667,10.75,Medium,High,Medium,October,33,Low
2017-10-30,291.56916666666666,76.0,10.020833333333334,Medium,High,Medium,October,42,Medium
2017-10-31,291.2733333333333,76.125,6.354166666666667,Medium,High,Medium,October,49,Medium
2017-11-01,287.22499999999997,88.375,7.875,Low,High,Medium,November,51,Medium
2017-11-02,288.1091666666667,90.33333333333333,8.479166666666666,Low,High,Medium,November,62,High
2017-11-03,291.3308333333333,65.45833333333333,7.125,Medium,Medium,Medium,November,56,Medium
2017-11-04,289.90291666666667,54.291666666666664,11.25,Medium,Low,High,November,29,Low
2017-11-05,290.90833333333336,72.75,16.1875,Medium,Medium,High,November,31,Low
2017-11-06,291.0825,70.79166666666667,12.125,Medium,Medium,High,November,75,High
2017-11-07,298.00624999999997,75.625,11.916666666666666,High,High,High,November,60,High
2017-11-08,296.9504166666667,75.125,4.416666666666667,High,High,Low,November,53,Medium
2017-11-09,298.6195833333333,63.416666666666664,8.854166666666666,High,Low,Medium,November,56,Medium
2017-11-10,292.9733333333333,70.875,4.5625,Medium,Medium,Low,November,59,High
2017-11-11,288.83998829583334,74.79166666666667,4.229166666666667,Low,High,Low,November,24,Low
2017-11-13,288.88166666666666,75.91666666666667,1.4583333333333333,Low,High,Low,November,37,Low
2017-11-14,289.8041666666667,66.25,3.1666666666666665,Medium,Medium,Low,November,45,Medium
2017-11-15,291.12034090000003,59.375,5.166666666666667,Medium,Low,Low,November,41,Medium
2017-11-16,292.15333333333336,55.708333333333336,1.8125,Medium,Low,Low,November,73,High
2017-11-17,292.7320833333333,65.375,2.6458333333333335,Medium,Medium,Low,November,61,High
2017-11-18,290.5025,74.5,5.5,Medium,High,Low,November,19,Low
2017-11-19,290.44958333333335,36.166666666666664,3.4791666666666665,Medium,Low,Low,November,20,Low
2017-11-20,288.97041666666667,48.875,3.7083333333333335,Low,Low,Low,November,60,High
2017-11-21,292.1295833333333,46.416666666666664,6.708333333333333,Medium,Low,Medium,November,73,High
2017-11-22,295.52833333333336,30.375,3.0416666666666665,High,Low,Low,November,36,Low
2017-11-23,296.7391666666667,26.291666666666668,3.7083333333333335,High,Low,Low,November,27,Low
2017-11-24,294.18041666666664,47.916666666666664,2.0833333333333335,High,Low,Low,November,23,Low
2017-11-25,293.02666666666664,55.833333333333336,1.9583333333333333,Medium,Low,Low,November,9,Low
2017-11-26,290.4241666666667,86.66666666666667,3.5,Medium,High,Low,November,34,Low
2017-11-27,289.3645833333333,77.33333333333333,10.416666666666666,Low,High,Medium,November,48,Medium
2017-11-28,287.51279166666666,54.958333333333336,7.583333333333333,Low,Low,Medium,November,50,Medium
2017-11-29,289.2270833333333,58.458333333333336,2.6041666666666665,Low,Low,Low,November,37,Low
2017-11-30,294.93,56.0,3.0,High,Low,Low,November,33,Low
2017-12-01,285.79249999999996,89.375,9.291666666666666,Low,High,Medium,December,51,Medium
2017-12-02,286.8775,75.75,7.729166666666667,Low,High,Medium,December,33,Low
2017-12-03,290.56333333333333,81.5,5.9375,Medium,High,Low,December,19,Low
2017-12-04,289.8704166666667,70.20833333333333,18.291666666666668,Medium,Medium,High,December,34,Low
2017-12-05,290.68874999999997,76.875,12.041666666666666,Medium,High,High,December,36,Low
2017-12-06,290.6816666666667,64.625,15.958333333333334,Medium,Medium,High,December,54,Medium
2017-12-07,297.00416666666666,75.16666666666667,14.791666666666666,High,High,High,December,32,Low
2017-12-08,296.4941666666667,74.91666666666667,4.583333333333333,High,High,Low,December,38,Medium
2017-12-09,297.54625,75.66666666666667,11.4375,High,High,High,December,20,Low
2017-12-10,292.1125,72.125,4.645833333333333,Medium,Medium,Low,December,33,Low
2017-12-11,289.00375,80.70833333333333,3.4583333333333335,Low,High,Low,December,41,Medium
