,date,mean_humidity,mean_temperature,mean_wind_speed
1187,2016-01-01,0.46439398272607724,0.15439150221392595,0.6130592503022976
1188,2016-01-02,0.38923525710690354,0.13817250038531625,0.4721886336154778
1189,2016-01-03,0.5267974603900929,0.1445903412922238,0.4353083434099154
1190,2016-01-04,0.4931075902305091,0.13767945080919297,0.5096735187424425
1191,2016-01-05,0.6428530572556197,0.06815364367861854,0.5689238210399034
1192,2016-01-06,0.6244923640107531,0.11012260985458333,0.3978234582829505
1193,2016-01-07,0.6577246467997482,0.16413728761066793,0.27992744860943175
1194,2016-01-08,0.8727335125550535,0.1883349939662704,0.2756952841596132
1195,2016-01-09,0.9782645998970427,0.22282123228364625,0.26904474002418377
1196,2016-01-10,0.9243836870102389,0.2402139544358235,0.5834340991535674
1197,2016-01-11,0.5512783847165812,0.08673910023342302,0.5876662636033857
1198,2016-01-12,0.5164445461305269,0.09036088192685376,0.50906892382104
1199,2016-01-13,0.4041640450723558,0.08328411662337842,0.6009673518742443
1200,2016-01-14,0.5245667219584738,0.12534164921551572,0.3929866989117292
1201,2016-01-15,0.6999942801578674,0.21155905134952668,0.4449818621523579
1202,2016-01-16,0.869301607275639,0.23865286856191936,0.45065979706640025
1203,2016-01-17,0.7415775324601039,0.1909420732189595,0.5846432889963726
1204,2016-01-18,0.5745581421952755,0.09187066020669832,0.6638452237001211
1205,2016-01-19,0.5158153634959672,0.05730802047020056,0.5453446191051996
1206,2016-01-20,0.5993250586283818,0.10685356565855386,0.3149939540507859
1207,2016-01-21,0.6598409883887204,0.14108541405339636,0.4159613059250301
1208,2016-01-22,0.6208888634673684,0.1597121868794158,0.5574365175332527
1209,2016-01-23,0.6514328204541551,0.13286291792894467,0.7593712212817414
1210,2016-01-24,0.5492192415489332,0.11153188317081053,0.48911729141475224
1211,2016-01-25,0.4938511697077159,0.14936525223718178,0.2968561064087061
1212,2016-01-26,0.5511067894526109,0.2427083399466632,0.5253929866989117
1213,2016-01-27,0.5504776068180517,0.2585372618847188,0.43954050785973386
1214,2016-01-28,0.5136418234856712,0.2250558155075879,0.38089480048367585
1215,2016-01-29,0.47892238174226387,0.23602488877547145,0.49395405078597354
1216,2016-01-30,0.4353371846937022,0.23106500758034976,0.4153567110036277
1217,2016-01-31,0.6159126008122173,0.3121673146313366,0.5024183796856106
1218,2016-02-01,0.6961619859291883,0.3099097967933382,0.6747279322853688
1219,2016-02-02,0.6396499456614995,0.23018102021454645,0.528415961305925
1220,2016-02-03,0.6602985757593094,0.2822482453257056,0.6825876662636032
1221,2016-02-04,0.5812503574901333,0.2641627491713141,0.5259975816203144
1222,2016-02-05,0.3761368186238059,0.19102616714071985,0.5568319226118501
1223,2016-02-06,0.3207687467825888,0.1877504212432637,0.40991535671100354
1224,2016-02-07,0.26379911914431164,0.2413231774026947,0.5562273276904474
1225,2016-02-08,0.320482754675971,0.2625876644230747,0.5483675937122129
1226,2016-02-09,0.3653835154149745,0.2331371795999715,0.573155985489722
1227,2016-02-10,0.2742092318252016,0.1949582979620672,0.5816203143893592
1228,2016-02-11,0.1522621975633469,0.1784143290393203,0.5139056831922612
1229,2016-02-12,0.32048275467597054,0.18101533125642,0.42140266021765416
1230,2016-02-13,0.3768803981010125,0.1441469344048798,0.6154776299879082
1231,2016-02-14,0.22730652633987303,0.08929422468538206,0.5562273276904475
1232,2016-02-15,0.4262426357032545,0.21376265923002968,0.6191051995163243
1233,2016-02-16,0.5999542412629411,0.3545911206047023,0.599758162031439
1234,2016-02-17,0.5006577818452211,0.3240122610329319,0.38210399032648124
1235,2016-02-18,0.4584453469084253,0.26348226554951815,0.5894800483675937
1236,2016-02-19,0.29851856088771944,0.2931975652227461,0.6995163240628781
1237,2016-02-20,0.3574901332723215,0.3916661826819485,0.569528415961306
1238,2016-02-21,0.486930160727564,0.3793901052260207,0.3688029020556227
1239,2016-02-22,0.5777040553680721,0.3422681062248927,0.37908101571946795
1240,2016-02-23,0.532402905679803,0.3111735345148414,0.564087061668682
1241,2016-02-24,0.5594005605445289,0.34055496945311603,0.6958887545344619
1242,2016-02-25,0.3838586055024884,0.3289996532892552,0.7889963724304718
1243,2016-02-26,0.25493336383915777,0.25994350976816527,0.4969770253929868
1244,2016-02-27,0.3129325630612594,0.26628167840834216,0.37243047158403886
1245,2016-02-28,0.237716639020763,0.36607200206757007,0.541112454655381
1246,2016-02-29,0.25476176857518706,0.41963647224357636,0.63180169286578
1247,2016-03-01,0.3982726076760279,0.3827072975327681,0.5326481257557437
1248,2016-03-02,0.4512955442429787,0.3552949626066457,0.7382103990326481
1249,2016-03-03,0.35056912429216935,0.28774742970595213,0.40689238210399026
1250,2016-03-04,0.5690098953268894,0.3023767251373055,0.38089480048367585
1251,2016-03-05,0.43773951838929226,0.31475082303510504,0.4256348246674728
1252,2016-03-06,0.44334496367900234,0.3446782287424224,0.5247883917775092
1253,2016-03-07,0.40536521192015096,0.3359151546355381,0.6372430471584039
1254,2016-03-08,0.36149402276497167,0.39285986098187564,0.49093107617896015
1255,2016-03-09,0.37007378596350704,0.4714784666002547,0.5084643288996373
1256,2016-03-10,0.41543213407309976,0.5449795088074225,0.624546553808948
1257,2016-03-11,0.507578790825373,0.49178358338419415,0.45707376058041105
1258,2016-03-12,0.5080935766172852,0.43402981393171913,0.5616686819830713
1259,2016-03-13,0.49488074129154014,0.46729649735087797,0.5175332527206771
1260,2016-03-14,0.6032145512783844,0.4613868688174918,0.6118500604594921
1261,2016-03-15,0.5553966710518792,0.4572491099472682,0.5453446191051996
1262,2016-03-16,0.3344963679002455,0.48337358717647305,0.5761789600967352
1263,2016-03-17,0.19778219338537562,0.4605860902859824,0.47642079806529636
1264,2016-03-18,0.10221357890522231,0.43579673650266315,0.503627569528416
1265,2016-03-19,0.37888234284733735,0.38112873828847427,0.3591293833131801
1266,2016-03-20,0.40038894926500035,0.3388121124961998,0.4740024183796857
1267,2016-03-21,0.33161655173099813,0.3405115392363225,0.578597339782346
1268,2016-03-22,0.08156494880741283,0.3765915990996831,0.7196878091678574
1269,2016-03-23,0.09517817308242282,0.4446870122932527,0.9201934703748487
1270,2016-03-24,0.3695590001715954,0.43192335188740927,0.60459492140266
1271,2016-03-25,0.4277297946576675,0.4380627467135678,0.5072551390568321
1272,2016-03-26,0.46427958588342944,0.3962639627469908,0.40507859733978235
1273,2016-03-27,0.5559114568437915,0.42310399743720595,0.41777509068923824
1274,2016-03-28,0.5400102957158379,0.4401446541594165,0.6771463119709795
1275,2016-03-29,0.1793742492707202,0.398998209726658,0.8163608643078704
1276,2016-03-30,0.23354115426414213,0.37263196681842814,0.5235792019347039
1277,2016-03-31,0.4175484756620713,0.4816790513908735,0.6584038694074971
1278,2016-04-01,0.5475032889092262,0.5287906798870488,0.6463119709794437
1279,2016-04-02,0.44603328948121,0.46399600554884124,0.533857315598549
1280,2016-04-03,0.12194703426185427,0.3892785909040555,0.6535671100362759
1281,2016-04-04,0.23880340902591102,0.42711447634334654,0.5858524788391777
1282,2016-04-05,0.11971629583023491,0.3786208126138,0.6130592503022976
1283,2016-04-06,0.07735216073253759,0.42140518915348224,0.6771463119709795
1284,2016-04-07,0.3345535663215693,0.5151482714727624,0.7581620314389359
1285,2016-04-08,0.3600068638105587,0.45513094627158424,0.6632406287787183
1286,2016-04-09,0.46639592747240166,0.3597688031837052,0.5955259975816202
1287,2016-04-10,0.3044671967053705,0.34283463342016596,0.5544135429262395
1288,2016-04-11,0.5674655379511524,0.44299268630429367,0.5701330108827085
1289,2016-04-12,0.5673511411085055,0.4693255295123695,0.4594921402660219
1290,2016-04-13,0.43659554996282113,0.43036873612014226,0.4607013301088271
1291,2016-04-14,0.3233998741634727,0.47179029809406714,0.5459492140266021
1292,2016-04-15,0.17891666190013145,0.4837962824243611,0.6747279322853688
1293,2016-04-16,0.16124234971114793,0.4887264350427838,0.662031438935913
1294,2016-04-17,0.09077389464050789,0.5220913860183902,0.5652962515114872
1295,2016-04-18,0.013270033747068588,0.5901255612410399,0.3113663845223701
1296,2016-04-19,0.04467196705370924,0.5968772541883745,0.3071342200725512
1297,2016-04-20,0.0,0.5874278396795667,0.39540507859733975
1298,2016-04-21,0.15444613728661127,0.617549997553736,0.4123337363966144
1299,2016-04-22,0.4674826974775492,0.611210284858986,0.40024183796856105
1300,2016-04-23,0.4459188926385631,0.5715334785854083,0.6729141475211609
1301,2016-04-24,0.09923926099639635,0.526258313389981,0.56590084643289
1302,2016-04-25,0.2246753989589887,0.5389912058142485,0.681378476420798
1303,2016-04-26,0.3809414860149858,0.5221375101707455,0.5931076178960097
1304,2016-04-27,0.419664817251044,0.49106152851334883,0.4268440145102781
1305,2016-04-28,0.38711891551793154,0.5031040433074914,0.5665054413542926
1306,2016-04-29,0.5413830578276038,0.4806181394121314,0.48790810157194686
1307,2016-04-30,0.551793170508494,0.4880916805422153,0.6136638452237
1308,2016-05-01,0.642338271463708,0.5121385513825665,0.6414752116082224
1309,2016-05-02,0.619058513985014,0.5429338897488449,0.4492140266021766
1310,2016-05-03,0.5596865526511465,0.5777022027001077,0.48307134220072556
1311,2016-05-04,0.522679174054796,0.5477781777039805,0.4939540507859733
1312,2016-05-05,0.36326717382600227,0.5248981623786655,0.6596130592503022
1313,2016-05-06,0.3093290625178744,0.5284607468350018,0.7261185006045952
1314,2016-05-07,0.39930217925985234,0.5328823942098868,0.5610640870616687
1315,2016-05-08,0.3418177658296633,0.5327468735890424,0.5278113663845224
1316,2016-05-09,0.3037808156494881,0.545273726004714,0.5562010409547342
1317,2016-05-10,0.35508779957673164,0.5925344369765195,0.5284159613059252
1318,2016-05-11,0.3844877881370474,0.6398433841014999,0.4238210399032648
1319,2016-05-12,0.3973574329348508,0.665991207391496,0.3681983071342201
1320,2016-05-13,0.3839730023451353,0.6658373110932505,0.4758162031438936
1321,2016-05-14,0.4301321283532571,0.6147636470605082,0.6626360338573156
1322,2016-05-15,0.35131270376937596,0.525455557926529,0.7992744860943166
1323,2016-05-16,0.25161585540239084,0.5236396541682229,0.7388149939540507
1324,2016-05-17,0.425384659383401,0.5721274815682378,0.551995163240629
1325,2016-05-18,0.5761596979923351,0.5832623764206968,0.48307134220072545
1326,2016-05-19,0.4695418406451981,0.5821651953491482,0.41475211608222506
1327,2016-05-20,0.3743064691414517,0.6035567808048903,0.6493349455864569
1328,2016-05-21,0.3892352571069042,0.6093895270736134,0.6765417170495769
1329,2016-05-22,0.3248870331178859,0.5971344815528496,0.6269649334945586
1330,2016-05-23,0.2459532116913572,0.608446242300305,0.4516324062877872
1331,2016-05-24,0.3185952067722928,0.6347288640852966,0.503627569528416
1332,2016-05-25,0.23777383744208636,0.6800338116062754,0.4673518742442563
1333,2016-05-26,0.258136475433278,0.6974864898191484,0.5187424425634825
1334,2016-05-27,0.39403992449808367,0.7023446443360868,0.48972188633615465
1335,2016-05-28,0.3386146542355428,0.7386088004564506,0.42382103990326503
1336,2016-05-29,0.3783775046069595,0.735523869407734,0.4123337363966143
1337,2016-05-30,0.37268999201708986,0.7227981188512782,0.34461910519951644
1338,2016-05-31,0.3145341188583197,0.7623982568755832,0.373639661426844
1339,2016-06-01,0.3672138648973291,0.7634974442189097,0.42321644498186206
1340,2016-06-02,0.45399879137248855,0.757709367315476,0.4105199516324064
1341,2016-06-03,0.4105453993817598,0.7954853716974597,0.3307134220072552
1342,2016-06-04,0.3703909772090286,0.833366065008704,0.42805320435308336
1343,2016-06-05,0.4576684883497215,0.8110089908361289,0.5779927448609432
1344,2016-06-06,0.3948275574178004,0.8053531104623985,0.6293833131801695
1345,2016-06-07,0.29699907239081913,0.7838482083293439,0.6033857315598549
1346,2016-06-08,0.28055825659211786,0.7362937162150729,0.3784764207980652
1347,2016-06-09,0.2647714923068123,0.7207148934788776,0.15296251511487313
1348,2016-06-10,0.28778515278195704,0.74893365561209,0.11245465538089477
1349,2016-06-11,0.4461103830056028,0.7734344822495931,0.14026602176541714
1350,2016-06-12,0.3560601727392323,0.8031066073346675,0.21886336154776298
1351,2016-06-13,0.3061571500626583,0.7280900481695411,0.13119709794437734
1352,2016-06-14,0.3365455635163601,0.7235124372327064,0.10701330108827084
1353,2016-06-15,0.392232454384259,0.7374059903100463,0.0737605804111246
1354,2016-06-16,0.44510540397973886,0.7499843615328778,0.19649334945586472
1355,2016-06-17,0.32523221315613426,0.7793980020891631,0.1886336154776299
1356,2016-06-18,0.2692282214749999,0.7872320893229432,0.13663845223700122
1357,2016-06-19,0.18921948313232728,0.8401045024773879,0.19528415961305934
1358,2016-06-20,0.17215684847098234,0.8845850500235706,0.18379685610640872
1359,2016-06-21,0.2354088070647513,0.8785010163663731,0.1305925030229746
1360,2016-06-22,0.23033804267002211,0.8471205658054846,0.151148730350665
1361,2016-06-23,0.389739643185848,0.8298390834273377,0.16686819830713417
1362,2016-06-24,0.4087026154599869,0.8186182057176978,0.3946690499973714
1363,2016-06-25,0.2805010581707943,0.8376384100046987,0.4044740024183797
1364,2016-06-26,0.3050391809186064,0.8582000273644468,0.4921402660217655
1365,2016-06-27,0.38345821655322276,0.8764003701780201,0.4256348246674728
1366,2016-06-28,0.5056912429216953,0.8476623420275562,0.48911729141475224
1367,2016-06-29,0.4385402962878222,0.8111376205779433,0.42140266021765416
1368,2016-06-30,0.43579477206429074,0.8014312508714081,0.3960096735187425
1369,2016-07-01,0.559629354229823,0.7859545203515612,0.48790810157194686
1370,2016-07-02,0.5258822856489158,0.7702042678582686,0.4371221281741233
1371,2016-07-03,0.41812045987530766,0.784449246111036,0.3736396614268439
1372,2016-07-04,0.4349939941657608,0.807262649605768,0.44195888754534474
1373,2016-07-05,0.4300500610530975,0.8363413934413995,0.49455864570737607
1374,2016-07-06,0.3521134816679059,0.8613529873453611,0.46856106408706166
1375,2016-07-07,0.37974031916719087,0.8586065892269676,0.5078597339782345
1376,2016-07-08,0.4436309557856206,0.8576120056875798,0.5652962515114874
1377,2016-07-09,0.41039867299662514,0.8356155541840149,0.6166868198307135
1378,2016-07-10,0.33209403420465566,0.8317290984134669,0.5598548972188634
1379,2016-07-11,0.2590516501744553,0.8348269313621746,0.49576783555018133
1380,2016-07-12,0.3215645509053515,0.8376777198663188,0.4316807738814994
1381,2016-07-13,0.36707211228796144,0.8655414156223724,0.384522370012092
1382,2016-07-14,0.47308068210360843,0.8533781730488066,0.2533252720677146
1383,2016-07-15,0.4209231825201625,0.8484991244372537,0.18621523579201937
1384,2016-07-16,0.4838986443974145,0.8180879908593273,0.09854897218863357
1385,2016-07-17,0.47223016644740623,0.8288289571274792,0.1257557436517533
1386,2016-07-18,0.39581307555911427,0.8570356219397333,0.2061668681983072
1387,2016-07-19,0.1535777612537894,0.9990410193355785,0.25392986698911735
1388,2016-07-20,0.1523765944059945,1.0,0.22974607013301096
1389,2016-07-21,0.3769375965223356,0.8862016502430219,0.2926239419588875
1390,2016-07-22,0.3789395412686609,0.9208909477814551,0.4854897218863362
1391,2016-07-23,0.3224275010009723,0.9364291143313963,0.42744860943168084
1392,2016-07-24,0.38734770920322603,0.9067301913834473,0.48972188633615477
1393,2016-07-25,0.43722473259738037,0.9153192892624844,0.5296251511487304
1394,2016-07-26,0.41783446776868916,0.9140666805862399,0.510882708585248
1395,2016-07-27,0.34953955270834514,0.9214077637083893,0.3391777509068923
1396,2016-07-28,0.39484070239661384,0.9195028184843714,0.44558645707376054
1397,2016-07-29,0.4489504089687124,0.9108463431215235,0.4806529625151148
1398,2016-07-30,0.5585425842246754,0.8632609951822783,0.4528415961305926
1399,2016-07-31,0.5703826574386544,0.8498750798480614,0.5253929866989117
1400,2016-08-01,0.5674655379511524,0.8339724623629792,0.4304715840386941
1401,2016-08-02,0.5542527026254072,0.8341225303950939,0.4153567110036276
1402,2016-08-03,0.5757749086125226,0.8282463715885076,0.21886336154776298
1403,2016-08-04,0.6504833266601842,0.8155073566641651,0.038694074969770176
1404,2016-08-05,0.655027573003691,0.8162437619360574,0.05683192261185005
1405,2016-08-06,0.6167185785672313,0.8365442915460477,0.05380894800483671
1406,2016-08-07,0.5084889465746396,0.8293512091923105,0.026602176541717037
1407,2016-08-08,0.4887553103534339,0.8220958026660501,0.06771463119709786
1408,2016-08-09,0.6077446662472117,0.7995190625831938,0.14510278113663844
1409,2016-08-10,0.6443062412078933,0.8453312342184489,0.15114873035066517
1410,2016-08-11,0.6256363324372243,0.877842324896827,0.05804111245465543
1411,2016-08-12,0.5539095120974664,0.9003964782095473,0.06348246674727931
1412,2016-08-13,0.5457570547523478,0.9074066460078107,0.08222490931076176
1413,2016-08-14,0.48418463650403254,0.8956312056672431,0.13482466747279326
1414,2016-08-15,0.4631419303262012,0.8843939429785888,0.05380894800483671
1415,2016-08-16,0.4288105437763601,0.878911789321636,0.07980652962515117
1416,2016-08-17,0.42929645423116214,0.8712877207674907,0.053808948004836765
1417,2016-08-18,0.41555306787818336,0.8642508316716757,0.0
1418,2016-08-19,0.48788735078509116,0.8606044081871929,0.022974607013301007
1419,2016-08-20,0.5262712349139163,0.8430623740165473,0.21523579201934706
1420,2016-08-21,0.5073499971400788,0.8264751859829129,0.5840386940749698
1421,2016-08-22,0.46216324429445743,0.7814157280332381,0.49455864570737595
1422,2016-08-23,0.44506091631870937,0.760823484544483,0.3796856106408706
1423,2016-08-24,0.43791111365326296,0.8032160435129914,0.45888754534461895
1424,2016-08-25,0.46313561745695764,0.8331248842428014,0.47823458282950426
1425,2016-08-26,0.42120917462677987,0.8541619722553282,0.4038694074969771
1426,2016-08-27,0.45135274266430225,0.8211944756894773,0.41475211608222495
1427,2016-08-28,0.5063204255562548,0.8140547593655274,0.41958887545344603
1428,2016-08-29,0.44300177315106093,0.8265854400473245,0.45042321644498196
1429,2016-08-30,0.433449636790024,0.8124269806089899,0.47702539298669877
1430,2016-08-31,0.5818223417033686,0.8151787382999576,0.45042321644498184
1431,2016-09-01,0.6524623920379793,0.7877135672679536,0.44860943168077383
1432,2016-09-02,0.5515643768231993,0.7602821677143474,0.6602176541717051
1433,2016-09-03,0.4964250986672767,0.7388224391215719,0.5411124546553809
1434,2016-09-04,0.4097694903620659,0.7296629295898427,0.530229746070133
1435,2016-09-05,0.3421037579362811,0.7432103977545523,0.4347037484885128
1436,2016-09-06,0.4617628553451927,0.777035425932505,0.39963724304715853
1437,2016-09-07,0.6148258308070693,0.8017721503286594,0.35126964933494564
1438,2016-09-08,0.5876565806783731,0.8116590304242273,0.314993954050786
1439,2016-09-09,0.4736029285591712,0.8199740244486851,0.41172914147521145
1440,2016-09-10,0.494766344448893,0.8136880114707115,0.49758162031438946
1441,2016-09-11,0.4005431363137857,0.7920697926603406,0.4274486094316807
1442,2016-09-12,0.36006406223188225,0.7310173701450218,0.42261185006045954
1443,2016-09-13,0.4480924326488587,0.7117370908071621,0.5012091898428053
1444,2016-09-14,0.494137161814334,0.7362192181562719,0.3663845223700122
1445,2016-09-15,0.3728193101870385,0.7053555597717533,0.4105199516324063
1446,2016-09-16,0.44363095578561995,0.6938563908653617,0.3555018137847643
1447,2016-09-17,0.5251387061717097,0.726513797875052,0.41172914147521156
1448,2016-09-18,0.5640286588959709,0.7650635829753334,0.2660217654171705
1449,2016-09-19,0.49233369403913363,0.7944747824070948,0.10761789600967353
1450,2016-09-20,0.5323591015493612,0.761405411552774,0.0592503022974607
1451,2016-09-21,0.65822785497916,0.7313287945792979,0.09492140266021765
1452,2016-09-22,0.6257603118725354,0.7186061870599545,0.11426844014510279
1453,2016-09-23,0.5537630950859438,0.6970135721451669,0.12454655380894802
1454,2016-09-24,0.46963268519671186,0.6683519877697623,0.062273276904474095
1455,2016-09-25,0.30626634704882116,0.6702619732813044,0.12696493349455867
1456,2016-09-26,0.35251511406111247,0.6917930111403319,0.1523579201934704
1457,2016-09-27,0.3785963507407193,0.7056955746315481,0.15538089480048373
1458,2016-09-28,0.5694102842761539,0.6638535987041507,0.07799274486094321
1459,2016-09-29,0.6209928605970472,0.6500994396184048,0.18742442563482464
1460,2016-09-30,0.6435058966723994,0.6275547264041546,0.18077388149939533
1461,2016-10-01,0.6585417671043707,0.6174730411968152,0.12756952841596142
1462,2016-10-02,0.7131270376937595,0.6059698570364649,0.06771463119709792
1463,2016-10-03,0.6675409953650955,0.5930956503469993,0.08403869407496978
1464,2016-10-04,0.5645409577999994,0.5878067938477933,0.220677146311971
1465,2016-10-05,0.6340295790444879,0.5605725248249644,0.34340991535671084
1466,2016-10-06,0.7010810501630154,0.5442137788102865,0.2811366384522369
1467,2016-10-07,0.637590802493851,0.5645170770453127,0.43107617896009665
1468,2016-10-08,0.6677343705313732,0.5830646487799349,0.43470374848851256
1469,2016-10-09,0.6482297088600353,0.552611256687312,0.3941958887545345
1470,2016-10-10,0.5957215580849968,0.5085656831008762,0.36275695284159604
1471,2016-10-11,0.5801635874849853,0.4951252848402259,0.23035066505441348
1472,2016-10-12,0.6521763999313621,0.498041841670112,0.21463119709794443
1473,2016-10-13,0.7406051592976033,0.5144718795860257,0.20253929866989118
1474,2016-10-14,0.6603557741806325,0.4973618153959549,0.35610640870616683
1475,2016-10-15,0.6936452553909507,0.5348539245891288,0.2986698911729142
1476,2016-10-16,0.7165818223417033,0.5861002094444405,0.5126964933494559
1477,2016-10-17,0.70931762283361,0.6149611614591919,0.41958887545344614
1478,2016-10-18,0.627981467711491,0.6186349428972022,0.35126964933494564
1479,2016-10-19,0.6335869130012011,0.5887876560391696,0.17412333736396612
1480,2016-10-20,0.5472172968026083,0.5674265283606008,0.275695284159613
1481,2016-10-21,0.6399931361894409,0.5394327753329193,0.3881499395405079
1482,2016-10-22,0.6307269919350225,0.45307460881819495,0.4238210399032648
1483,2016-10-23,0.5393239146599551,0.4580806007743963,0.39238210399032636
1484,2016-10-24,0.6154550134416288,0.5068001108359628,0.36759371221281734
1485,2016-10-25,0.6926156838071273,0.4584054674378031,0.41112454655380903
1486,2016-10-26,0.7450666361608418,0.4331858455525843,0.28839177750906897
1487,2016-10-27,0.7974031916719093,0.47982844467577657,0.38391777509068914
1488,2016-10-28,0.7549047646284957,0.5126513093474063,0.33494558645707373
1489,2016-10-29,0.7553051535777608,0.5225335189583014,0.3391777509068924
1490,2016-10-30,0.7763541726248353,0.5588639941847102,0.313180169286578
1491,2016-10-31,0.8225704970542809,0.4798660382491242,0.3282950423216444
1492,2016-11-01,0.701424240690957,0.47309712778208635,0.3313180169286577
1493,2016-11-02,0.5296573814562713,0.5677869934352113,0.42926239419588874
1494,2016-11-03,0.5827947148658696,0.5833626769931826,0.40507859733978235
1495,2016-11-04,0.43613796259223236,0.5250780908865575,0.41475211608222484
1496,2016-11-05,0.5388663272893666,0.4686946217378285,0.36759371221281734
1497,2016-11-06,0.6179145455585429,0.48171608613690786,0.2920193470374848
1498,2016-11-07,0.5066064176628724,0.468014721673951,0.3343409915356712
1499,2016-11-08,0.45335468741062734,0.4738612497007253,0.23941958887545356
1500,2016-11-09,0.42647142938854854,0.5099870658200683,0.3748488512696494
1501,2016-11-10,0.28759366241491735,0.4668547570379431,0.3651753325272068
1502,2016-11-11,0.28358977292226717,0.47132464056601187,0.4038694074969771
1503,2016-11-12,0.25253103014356815,0.414866137401221,0.4220072551390569
1504,2016-11-13,0.3447920837384886,0.40599757609501985,0.3355501813784766
1505,2016-11-14,0.3195675799347939,0.42273245863577635,0.30229746070133
1506,2016-11-15,0.4931075902305091,0.44480088154249664,0.3004836759371221
1507,2016-11-16,0.4371103357547328,0.4393218670637644,0.43047158403869423
1508,2016-11-17,0.40393525138706154,0.40455661672540444,0.4818621523579204
1509,2016-11-18,0.31996796888405865,0.38981932344890424,0.3893591293833132
1510,2016-11-19,0.35943487959732323,0.3708694061279658,0.5725513905683192
1511,2016-11-20,0.38059829548704416,0.31584267449409253,0.7164449818621526
1512,2016-11-21,0.3527998627237885,0.2831829705247255,0.6795646916565903
1513,2016-11-22,0.41731968197677705,0.2612347551743408,0.542926239419589
1514,2016-11-23,0.5962363438769083,0.28210416513057446,0.40326481257557434
1515,2016-11-24,0.5025304084215969,0.3546530481535406,0.455864570737606
1516,2016-11-25,0.5118686724246408,0.3556145312713088,0.2938331318016929
1517,2016-11-26,0.53011496882686,0.32918647890093133,0.3536880290205563
1518,2016-11-27,0.6178001487158953,0.2842870424753041,0.6239419588875454
1519,2016-11-28,0.5639764342504148,0.2935552747649979,0.6420798065296253
1520,2016-11-29,0.6962763827718357,0.37582241684106243,0.6039903264812576
1521,2016-11-30,0.6501744551850364,0.38268153015491,0.44377267230955253
1522,2016-12-01,0.5503632099754046,0.3091983358067747,0.5133010882708586
1523,2016-12-02,0.43184808099296434,0.26904277448074687,0.6287787182587669
1524,2016-12-03,0.3828862323399873,0.2705841467058967,0.507255139056832
1525,2016-12-04,0.4478636389635644,0.263480797126169,0.36457073760580405
1526,2016-12-05,0.7068580907166966,0.2701582483094569,0.4056831922611851
1527,2016-12-06,0.7152662586512608,0.25541424908981014,0.44558645707376054
1528,2016-12-07,0.7366012698049533,0.21733304299763212,0.4123337363966144
1529,2016-12-08,0.5710690384945376,0.15493758662887736,0.5296251511487305
1530,2016-12-09,0.5559686552651146,0.13501564052673132,0.5459492140266021
1531,2016-12-10,0.6393067551335583,0.14224075919723767,0.42321644498186217
1532,2016-12-11,0.6677915689526968,0.1876738559207567,0.3621523579201935
1533,2016-12-12,0.8541440256248924,0.2679012978051869,0.4020556227327692
1534,2016-12-13,0.8227992907395751,0.2440831275831723,0.20253929866989118
1535,2016-12-14,0.6767145226791738,0.20131350873376874,0.3754534461910519
1536,2016-12-15,0.5171309271864095,0.13552751171966193,0.6281741233373639
1537,2016-12-16,0.3737916833495394,0.10626538350842729,0.6801692865779927
1538,2016-12-17,0.5529943373562889,0.12413561502588522,0.6094316807738815
1539,2016-12-18,0.6660184178916664,0.17018452547454466,0.5719467956469168
1540,2016-12-19,0.3519418864039354,0.0932430558506514,0.45828295042321643
1541,2016-12-20,0.3073271177715493,0.14541515746845413,0.4431680773881501
1542,2016-12-21,0.43665274838414425,0.20128257634347335,0.3119709794437726
1543,2016-12-22,0.6954184064519815,0.23667259971350774,0.39056831922611845
1544,2016-12-23,0.8158782817594228,0.23981101228314472,0.3633615477629988
1545,2016-12-24,0.8222273065263395,0.2731513819696172,0.4969770253929867
1546,2016-12-25,0.7396899845564258,0.24371048415851781,0.45525997581620314
1547,2016-12-26,0.7208145055196473,0.23153659787961445,0.5126964933494559
1548,2016-12-27,0.6453697877938569,0.30761802755019296,0.6390568319226118
1549,2016-12-28,0.5106103071555224,0.2609261969246308,0.2926239419588875
1550,2016-12-29,0.5849682548761648,0.2581438131046614,0.4782345828295044
1551,2016-12-30,0.35039752902819843,0.217188256441462,0.6801692865779927
1552,2016-12-31,0.6098495681519187,0.1703111377354265,0.4576783555018139
1553,2017-01-01,0.810158439627066,0.22907272580128257,0.4068923821039905
1554,2017-01-02,0.9203797975175887,0.23772537289800333,0.4449818621523579
1555,2017-01-03,0.9588743350683522,0.2631978900434717,0.5012091898428053
1556,2017-01-04,0.757821884115998,0.23253807229803058,0.6970979443772674
1557,2017-01-05,0.5445289710004004,0.11420024113482619,0.5090689238210399
1558,2017-01-06,0.6374192072298801,0.04625617394048831,0.44377267230955253
1559,2017-01-07,0.5813075559114569,0.0,0.5332527206771465
1560,2017-01-08,0.4333352399473771,0.017734059999495955,0.5840386940749699
1561,2017-01-09,0.48670136704226974,0.08844902621543227,0.5405078597339782
1562,2017-01-10,0.6296402219298742,0.17395947535297296,0.6118500604594922
1563,2017-01-11,0.6847795000857975,0.30866314420244123,0.7091898428053205
1564,2017-01-12,0.7975175885145569,0.3448081016524096,0.6106408706166869
1565,2017-01-13,0.7317394039924499,0.2655116940896871,0.34159613059250304
1566,2017-01-14,0.6578962420637187,0.2076566394423356,0.2853688029020556
1567,2017-01-15,0.833152204999142,0.20124735629512003,0.23821039903264807
1568,2017-01-16,0.8251444260138416,0.20034311983629038,0.23035066505441348
1569,2017-01-17,0.8039810101241203,0.272709600058743,0.3422007255139058
1570,2017-01-18,0.8307498713035522,0.3006704901857411,0.462515114873035
1571,2017-01-19,0.805468169078533,0.29831840347826954,0.382708585247884
1572,2017-01-20,0.9886747125779325,0.29570676032749255,0.3996372430471584
1573,2017-01-21,0.9341646170565692,0.3295417419973745,0.5066505441354294
1574,2017-01-22,0.9274724017617111,0.3368989038372483,0.43591293833131795
1575,2017-01-23,0.9031630726991933,0.3017064189992862,1.0
1576,2017-01-24,0.9999999999999998,0.21093570250942228,0.6082224909310762
1577,2017-01-25,0.8255448149631064,0.16599078628222053,0.36275695284159604
1578,2017-01-26,0.6394783503975288,0.24562614852768938,0.5399032648125756
1579,2017-01-27,0.338328662128925,0.18388387245657078,0.6420798065296253
1580,2017-01-28,0.24212091746267794,0.1540233966781237,0.6021239682456233
1581,2017-01-29,0.2787279071097637,0.18491444169753812,0.47944377267230953
1582,2017-01-30,0.28890922610535963,0.19583725060664392,0.4081015719467955
1583,2017-01-31,0.3398158210833382,0.22046448659161122,0.3978234582829504
1584,2017-02-01,0.46210604587313364,0.2549893218172965,0.5096735187424427
1585,2017-02-02,0.4140593719613337,0.22667163728740292,0.5229746070133011
1586,2017-02-03,0.4737745238231421,0.18522223429402018,0.4933494558645707
1587,2017-02-04,0.4444725896993813,0.18048513779040043,0.528415961305925
1588,2017-02-05,0.4544986558370985,0.23360768985348024,0.44256348246674737
1589,2017-02-06,0.5415546530915747,0.28518745066800655,0.4141475211608223
1590,2017-02-07,0.8289195218211971,0.3539844555550946,0.6517533252720679
1591,2017-02-08,0.8601498598638677,0.3759219517603256,0.5918984280532045
1592,2017-02-09,0.6856946748269748,0.3085934697589572,0.8077388149939542
1593,2017-02-10,0.40455299433735603,0.24339273807010997,0.580411124546554
1594,2017-02-11,0.4578733626951894,0.34003119118108316,0.5568319226118501
1595,2017-02-12,0.7303094434593602,0.3472000023275843,0.5955259975816204
1596,2017-02-13,0.46325001429960544,0.2895453958094141,0.6801692865779927
1597,2017-02-14,0.6774581021563801,0.2141634760059219,0.21704957678355496
1598,2017-02-15,0.731796602413773,0.2468465232031587,0.33978234582829503
1599,2017-02-16,0.6660756163129895,0.21686308351676686,0.4866989117291415
1600,2017-02-17,0.6808900074357946,0.22467435428443672,0.3585247883917775
1601,2017-02-18,0.8218841159983976,0.2825327012406582,0.3639661426844014
1602,2017-02-19,0.9453755076359889,0.3333356302930124,0.3518742442563483
1603,2017-02-20,0.8896070468455066,0.3117295088035963,0.23035066505441348
1604,2017-02-21,0.6912429216953608,0.3484364373604194,0.3923821039903266
1605,2017-02-22,0.7169822112909681,0.41978163110628586,0.3766626360338573
1606,2017-02-23,0.5933192243894068,0.39453345035577314,0.5713422007255139
1607,2017-02-24,0.5446433678430469,0.3792196202007805,0.47762998790810174
1608,2017-02-25,0.5425270262540756,0.3470016981422894,0.5405078597339782
1609,2017-02-26,0.30029171194875026,0.2310182506462315,0.5628778718258767
1610,2017-02-27,0.43076131098781634,0.26385941442994465,0.5665054413542926
1611,2017-02-28,0.712863924955671,0.3532662728299609,0.521160822249093
1612,2017-03-01,0.6162557913401587,0.4299364898306326,0.8361547762998791
1613,2017-03-02,0.24326488588914952,0.34129681596215455,0.8851269649334947
1614,2017-03-03,0.05914316764857275,0.2593834056760791,0.6807738814993953
1615,2017-03-04,0.15261397915852282,0.22265425481536383,0.6094316807738815
1616,2017-03-05,0.15672367442658586,0.24504808034274816,0.7920193470374848
1617,2017-03-06,0.24366527483841427,0.29225972954218626,0.8409915356711004
1618,2017-03-07,0.4088543156208886,0.3542072606435944,0.7466747279322856
1619,2017-03-08,0.23634387690899739,0.4232523371756134,0.7110036275695286
1620,2017-03-09,0.10730423840301984,0.4481957879425398,0.5296251511487305
1621,2017-03-10,0.3200251673053822,0.3884916807565997,0.6130592503022976
1622,2017-03-11,0.20396957043985586,0.2716346229307174,0.5816203143893593
1623,2017-03-12,0.38820568552307955,0.2571308538878707,0.5042321644498187
1624,2017-03-13,0.4760052622547615,0.2685542118392519,0.47158403869407495
1625,2017-03-14,0.6150546244923636,0.31021818590259365,0.7962515114873037
1626,2017-03-15,0.268546588114168,0.25251447602177457,0.8313180169286578
1627,2017-03-16,0.10993536578390439,0.27533196235467017,0.5773881499395406
1628,2017-03-17,0.21111937310530227,0.3157913757280131,0.35126964933494564
1629,2017-03-18,0.4917348281187439,0.3911239965444544,0.4933494558645707
1630,2017-03-19,0.36017845907452983,0.3944898081219428,0.4740024183796857
1631,2017-03-20,0.2178115884001599,0.4112323471949484,0.4401451027811367
1632,2017-03-21,0.2853057255619742,0.477825991339083,0.4334945586457074
1633,2017-03-22,0.3306068752502427,0.39872540176313187,0.6565900846432889
1634,2017-03-23,0.1447692043699591,0.314920828011088,0.7085852478839179
1635,2017-03-24,0.41211462563633217,0.39323719944569824,0.8089480048367592
1636,2017-03-25,0.44849282159812365,0.4819878930318158,0.5665054413542927
1637,2017-03-26,0.6555511067894526,0.43633275687301953,0.5967351874244257
1638,2017-03-27,0.6966195732997764,0.45745636369998266,0.42605541243888334
1639,2017-03-28,0.6788880626894698,0.4615085068284426,0.56590084643289
1640,2017-03-29,0.511182291368758,0.4624844084291375,0.5568319226118501
1641,2017-03-30,0.40805353772235864,0.46254795764681766,0.5507859733978234
1642,2017-03-31,0.5554538694732023,0.43560462065596184,0.8828663056621628
1643,2017-04-01,0.6256363324372247,0.38608752962982074,0.5634824667472793
1644,2017-04-02,0.47697763541726257,0.43192106299006205,0.3282950423216445
1645,2017-04-03,0.451810330034891,0.49715012384823787,0.4613059250302297
1646,2017-04-04,0.6073900360350051,0.4882800312355897,0.6844014510278116
1647,2017-04-05,0.5002573928959562,0.4805431053960696,0.45344619105199524
1648,2017-04-06,0.5327460962077446,0.45246567669235915,0.765417170495768
1649,2017-04-07,0.25533375278842274,0.43207948710115573,0.944981862152358
1650,2017-04-08,0.05761373160013816,0.426134255914846,0.6753325272067714
1651,2017-04-09,0.008898440117338424,0.45336854113123515,0.6003627569528416
1652,2017-04-10,0.023279757478693597,0.5344282480713396,0.665659008464329
1653,2017-04-11,0.1704910857503812,0.5662028569125059,0.5193470374848851
1654,2017-04-12,0.31785162729508665,0.5680641599026934,0.45707376058041127
1655,2017-04-13,0.2959446319281587,0.5344520855819628,0.5513905683192262
1656,2017-04-14,0.1709660813361551,0.5348853430467155,0.5985489721886337
1657,2017-04-15,0.1944174340788194,0.5662396082673098,0.5671100362756953
1658,2017-04-16,0.13939255276554352,0.6365281056368701,0.6910519951632408
1659,2017-04-17,0.22653061732017932,0.6310222932952598,0.581620314389359
1660,2017-04-18,0.33575473316936466,0.5805075561168316,0.5761789600967352
1661,2017-04-19,0.4323628667848769,0.5748555040092267,0.6626360338573158
1662,2017-04-20,0.5131270376937596,0.5833504265415854,0.5453446191051996
1663,2017-04-21,0.4489608086816801,0.5590194983547256,0.6970979443772671
1664,2017-04-22,0.3644111422524736,0.5472253760754651,0.5997581620314392
1665,2017-04-23,0.4140021735400101,0.5286843175767277,0.6257557436517535
1666,2017-04-24,0.38460218497969456,0.5396186112842134,0.7237264076546976
1667,2017-04-25,0.49436595549962803,0.5330010704597736,0.8657799274486095
1668,2017-04-26,0.5568266315849679,0.5586052799599521,0.5689238210399034
1669,2017-04-27,0.5126122519018474,0.6137950957307705,0.7357920193470373
1670,2017-04-28,0.41039867299662514,0.5938980653704,0.6928657799274489
1671,2017-04-29,0.4517687311830192,0.6029212886280675,0.7073760580411126
1672,2017-04-30,0.40141852084882457,0.5897597096887992,0.6844014510278114
1673,2017-05-01,0.43327804152605376,0.6038140402885208,0.7110036275695284
1674,2017-05-02,0.3783103586341019,0.6055168530611166,0.6995163240628779
1675,2017-05-03,0.29914774352227846,0.6037091457966817,0.4921402660217655
1676,2017-05-04,0.40891151404221193,0.6011304257345849,0.5804111245465539
1677,2017-05-05,0.6052164960247095,0.5730990955108766,0.7950423216444982
1678,2017-05-06,0.40410684665103225,0.5518392024098482,0.8071342200725515
1679,2017-05-07,0.24063375850826474,0.5003375382242812,0.7835550181378477
1680,2017-05-08,0.22221586684207506,0.47710302545574734,0.43107617896009665
1681,2017-05-09,0.34256134530686944,0.5274324745537076,0.4189842805320436
1682,2017-05-10,0.4692558485385796,0.5623845442789897,0.31922611850060467
1683,2017-05-11,0.5249099124864152,0.5812647871564423,0.4189842805320436
1684,2017-05-12,0.5274266430246526,0.5739129848891462,0.4691656590084643
1685,2017-05-13,0.4838986443974145,0.5735041260669469,0.5272067714631197
1686,2017-05-14,0.3506362702650274,0.5860011180068394,0.5909521055675305
1687,2017-05-15,0.24641897026499193,0.5978763995279586,0.5544135429262396
1688,2017-05-16,0.31968197677744037,0.621646869554052,0.5876662636033857
1689,2017-05-17,0.3577761253789391,0.6739111243518092,0.6571946795646918
1690,2017-05-18,0.38054109706572103,0.7128713887104272,0.7633930918458547
1691,2017-05-19,0.45295429846136215,0.6955814075814821,0.582224909310762
1692,2017-05-20,0.3492535606017275,0.6648871354409174,0.5145102781136638
1693,2017-05-21,0.4610764742893094,0.6822590414649436,0.4480048367593713
1694,2017-05-22,0.4896184865297717,0.6791680993952642,0.4207980652962515
1695,2017-05-23,0.49625350340330576,0.6868851182509275,0.3361547762998791
1696,2017-05-24,0.540124692558485,0.6615772165488565,0.480652962515115
1697,2017-05-25,0.5160386598501503,0.6388051583282817,0.7835550181378477
1698,2017-05-26,0.39797418112999194,0.6470611970544073,0.5961305925030229
1699,2017-05-27,0.38088428759366244,0.6925647338746348,0.3476420798065296
1700,2017-05-28,0.4418994035764612,0.7102574485999753,0.39842805320435315
1701,2017-05-29,0.5265189289471262,0.6911620571662738,0.38875453446191044
1702,2017-05-30,0.5536200383478109,0.6694940708962722,0.3476420798065295
1703,2017-05-31,0.4878401356122568,0.6964136726371546,0.3814993954050786
1704,2017-06-01,0.45770176743121893,0.7075194726670606,0.3700120918984281
1705,2017-06-02,0.3296917005090656,0.709775852721398,0.32224909310761773
1706,2017-06-03,0.3338671852656867,0.7201098743004142,0.2527206771463121
1707,2017-06-04,0.41823485671795413,0.7354972071650145,0.34159613059250293
1708,2017-06-05,0.5402390894011324,0.7378186677434808,0.4304715840386941
1709,2017-06-06,0.5440141852084883,0.7038259615092333,0.44740024183796867
1710,2017-06-07,0.43199729426598266,0.690119237473704,0.46795646916565903
1711,2017-06-08,0.49007607390036023,0.6833646447219728,0.4238210399032649
1712,2017-06-09,0.32627019494261944,0.7128154960249962,0.37061668681983073
1713,2017-06-10,0.31384773780243647,0.7648852749035768,0.5000000000000001
1714,2017-06-11,0.2803970610411153,0.7939793318037118,0.6039903264812576
1715,2017-06-12,0.3414745753017212,0.7923997892003563,0.5671100362756953
1716,2017-06-13,0.33781591106346287,0.7966813220350506,0.42442563482466744
1717,2017-06-14,0.35725787301603806,0.7836399506521179,0.3264812575574364
1718,2017-06-15,0.4333937369912697,0.7814854024767204,0.28174123337363965
1719,2017-06-16,0.5097080596117343,0.7925353098211936,0.2968561064087062
1720,2017-06-17,0.45977938462314527,0.8195843069571147,0.3585247883917776
1721,2017-06-18,0.519654666226864,0.8583868467513671,0.5544135429262395
1722,2017-06-19,0.5214208087856773,0.8671059525480285,0.5519951632406288
1723,2017-06-20,0.48479392403552235,0.8548679045288612,0.48125755743651744
1724,2017-06-21,0.43821215797601876,0.8441902956363219,0.4068923821039905
1725,2017-06-22,0.45345704248036434,0.8572590395508151,0.5042321644498187
1726,2017-06-23,0.5245264343747593,0.8599732724011204,0.617896009673519
1727,2017-06-24,0.47413678049152486,0.849789969529299,0.5943168077388149
1728,2017-06-25,0.3496196304981982,0.8413204363641498,0.4740024183796857
1729,2017-06-26,0.30544774107091777,0.7980723441614295,0.46553808948004827
1730,2017-06-27,0.3254876165417835,0.7667479937320554,0.3863361547763
1731,2017-06-28,0.2950664052355385,0.7588045276520639,0.41475211608222495
1732,2017-06-29,0.28366985071212003,0.8090871647118405,0.5259975816203144
1733,2017-06-30,0.4376251215466449,0.8321257067840637,0.5175332527206771
1734,2017-07-01,0.5368041998562578,0.8321923186146449,0.5163240628778719
1735,2017-07-02,0.4175016769537159,0.8495013412024122,0.40326481257557434
1736,2017-07-03,0.39159673478726265,0.8508681320810023,0.3990326481257557
1737,2017-07-04,0.4015786764285303,0.8465651609560041,0.33978234582829514
1738,2017-07-05,0.321625902072471,0.8657830569057197,0.3573155985489723
1739,2017-07-06,0.4244122862209003,0.8695584929586317,0.3119709794437726
1740,2017-07-07,0.46639592747240166,0.8814444936249028,0.4528415961305925
1741,2017-07-08,0.4398454602652966,0.8752381085823355,0.40205562273276896
1742,2017-07-09,0.37996911285248514,0.8468224204396329,0.37726723095525994
1743,2017-07-10,0.46376480009151755,0.8491470938138832,0.36638452237001207
1744,2017-07-11,0.5540239089401127,0.8530908233934316,0.45163240628778734
1745,2017-07-12,0.5299433735628896,0.8786758915629846,0.38089480048367585
1746,2017-07-13,0.5792484127438082,0.8740260795270203,0.475211608222491
1747,2017-07-14,0.5896585254246984,0.844324093966172,0.39177750906892383
1748,2017-07-15,0.5292569925070063,0.8464755795286685,0.2902055622732769
1749,2017-07-16,0.5711834353371845,0.8366989534975176,0.3258766626360339
1750,2017-07-17,0.5576274094834981,0.8484103852284672,0.36275695284159604
1751,2017-07-18,0.5294285877709775,0.8578210290180284,0.3149939540507859
1752,2017-07-19,0.4951095349768344,0.8800938813358474,0.3035066505441354
1753,2017-07-20,0.4798375564834405,0.8838318003807295,0.34945586457073774
1754,2017-07-21,0.45140994108562627,0.881977388269565,0.2944377267230954
1755,2017-07-22,0.48195389807241273,0.890706600688798,0.3264812575574365
1756,2017-07-23,0.5914888749070524,0.8739518111641864,0.3948004836759371
1757,2017-07-24,0.6208316650460441,0.817979497797328,0.4726092213868881
1758,2017-07-25,0.5356060172739234,0.8025194278763461,0.3313180169286577
1759,2017-07-26,0.5675799347937998,0.8151917544047826,0.2581620314389359
1760,2017-07-27,0.6131670765886859,0.834723568176786,0.33010882708585243
1761,2017-07-28,0.6319281587828174,0.8394905251561884,0.37061668681983073
1762,2017-07-29,0.5203912372018531,0.8114117244325225,0.4873035066505442
1763,2017-07-30,0.4189212377738374,0.8031656391983208,0.42805320435308336
1764,2017-07-31,0.41091345878853724,0.8169343811450851,0.33978234582829503
1765,2017-08-01,0.345821655322313,0.8548349814401828,0.29141475211608225
1766,2017-08-02,0.44208659840988385,0.8675746088871055,0.30108827085852485
1767,2017-08-03,0.5502488131327576,0.866022246973241,0.30471584038694066
1768,2017-08-04,0.5858834296173423,0.8525158178213914,0.4171704957678356
1769,2017-08-05,0.5830235085511639,0.8082656553306347,0.4401451027811366
1770,2017-08-06,0.4834982554481497,0.7940650849649202,0.30108827085852485
1771,2017-08-07,0.638620374077675,0.7958008208261997,0.4141475211608223
1772,2017-08-08,0.6141394497511865,0.8016917567400288,0.3833131801692866
1773,2017-08-09,0.440937656207645,0.8147185807116788,0.25695284159613063
1774,2017-08-10,0.4677686895841673,0.8266359731601813,0.28960096735187446
1775,2017-08-11,0.5794200080077787,0.8238160723321801,0.3022974607013301
1776,2017-08-12,0.7446662472115764,0.8027162007551958,0.2726723095525998
1777,2017-08-13,0.6592118057541609,0.8106016633203783,0.2756952841596131
1778,2017-08-14,0.5251387061717094,0.8067527245578621,0.24002418379685608
1779,2017-08-15,0.5955101726148875,0.8035078861899372,0.30290205562273287
1780,2017-08-16,0.46622433220843074,0.8069069271173941,0.22128174123337363
1781,2017-08-17,0.4479208373848884,0.8352602910875753,0.25090689238210406
1782,2017-08-18,0.5361780014871589,0.8415248657752468,0.3307134220072553
1783,2017-08-19,0.49974260710404406,0.8435354711443299,0.316807738814994
1784,2017-08-20,0.4347652004804665,0.8264039802329801,0.2738814993954052
1785,2017-08-21,0.5247383172224447,0.8391459812048989,0.2871825876662636
1786,2017-08-22,0.5862838185666075,0.8563486778661833,0.3548972188633617
1787,2017-08-23,0.5430418120459872,0.8338530204598644,0.3397823458282949
1788,2017-08-24,0.49362237602242165,0.7532442832693373,0.3929866989117292
1789,2017-08-25,0.44717725790768115,0.7399012445157211,0.27025392986698915
1790,2017-08-26,0.39226677343705263,0.7709438888737044,0.26541717049576785
1791,2017-08-27,0.33197963736200853,0.8011305329260381,0.36577992744860943
1792,2017-08-28,0.40147571927014836,0.8050583339707398,0.4304715840386941
1793,2017-08-29,0.4987130355202196,0.7945030386096725,0.36940749697702535
1794,2017-08-30,0.5134130298003774,0.7940643193116976,0.3119709794437726
1795,2017-08-31,0.48412743808270875,0.8128687625198676,0.37787182587666257
1796,2017-09-01,0.29079677400903736,0.7876887249063849,0.5006045949214026
1797,2017-09-02,0.29891894983698397,0.7787152691083499,0.3446191051995162
1798,2017-09-03,0.42875936624149147,0.8199939314325349,0.35126964933494564
1799,2017-09-04,0.44540410684665077,0.8173463025801819,0.43772672309552607
1800,2017-09-05,0.4762912543613793,0.8305063502129997,0.44437726723095516
1801,2017-09-06,0.5988102728364697,0.7542174285184249,0.3264812575574366
1802,2017-09-07,0.5178173082422923,0.7252275004569064,0.3470374848851271
1803,2017-09-08,0.505462449236401,0.7091862997380787,0.3863361547762999
1804,2017-09-09,0.5325173025224503,0.6927454280357566,0.5247883917775091
1805,2017-09-10,0.5190184750900873,0.6871010324604061,0.70677146311971
1806,2017-09-11,0.40942629983412493,0.7277056902505468,0.7200725513905684
1807,2017-09-12,0.4201796030429561,0.7639297396786713,0.3875453446191053
1808,2017-09-13,0.48412743808270875,0.7554508958640405,0.2871825876662636
1809,2017-09-14,0.5411542641423095,0.7588917414575871,0.26904474002418377
1810,2017-09-15,0.4983698449922782,0.7411247583694127,0.23639661426844016
1811,2017-09-16,0.5114110850540523,0.7430090309563546,0.19528415961305934
1812,2017-09-17,0.5658639821540923,0.742605531706733,0.21825876662636035
1813,2017-09-18,0.605788480237945,0.7349780942784037,0.3361547762998791
1814,2017-09-19,0.5399530972945146,0.7341718614323849,0.5296251511487303
1815,2017-09-20,0.5400674941371615,0.7404724218216394,0.47642079806529636
1816,2017-09-21,0.5056340445003715,0.7527480522968713,0.44195888754534474
1817,2017-09-22,0.39249556712234734,0.7220929161533913,0.3893591293833133
1818,2017-09-23,0.38694732025396084,0.714643875926507,0.36577992744860943
1819,2017-09-24,0.43836870102385195,0.7049522374033383,0.23035066505441348
1820,2017-09-25,0.35527431616800387,0.7276630433659097,0.2061668681983072
1821,2017-09-26,0.4351083910084079,0.73513275622987,0.2720677146311973
1822,2017-09-27,0.5078647829319913,0.7541018148814356,0.3343409915356712
1823,2017-09-28,0.4690270548532858,0.7262555836295075,0.34461910519951633
1824,2017-09-29,0.48521420808785676,0.6587412370031327,0.40145102781136655
1825,2017-09-30,0.5741005548246865,0.620097187426472,0.45405078597339776
1826,2017-10-01,0.45924612480695504,0.594154559200808,0.4776299879081016
1827,2017-10-02,0.36973059543556563,0.5982500383018028,0.4286577992744862
1828,2017-10-03,0.4208659840988387,0.6042152425784675,0.44195888754534474
1829,2017-10-04,0.44351655894297326,0.6494584573021598,0.4933494558645707
1830,2017-10-05,0.5071212034547845,0.6659988639237451,0.3258766626360339
1831,2017-10-06,0.5718275392990457,0.6807958781518018,0.32043530834340983
1832,2017-10-07,0.3638287583262698,0.7089742137947308,0.4238210399032649
1833,2017-10-08,0.5722130069210087,0.703375757412882,0.5006045949214027
1834,2017-10-09,0.6172903366997502,0.682026282884518,0.526602176541717
1835,2017-10-10,0.5640908310930619,0.652031052138458,0.316807738814994
1836,2017-10-11,0.6391923582909109,0.6241804160758697,0.3331318016928657
1837,2017-10-12,0.5988102728364693,0.6098734199118709,0.4274486094316807
1838,2017-10-13,0.6086484013041242,0.5892362509085434,0.32708585247883903
1839,2017-10-14,0.6198020934622199,0.6130373287339044,0.35308343409915355
1840,2017-10-15,0.5042612823886061,0.6307068441665233,0.41777509068923824
1841,2017-10-16,0.3229749716050694,0.5847745415402503,0.3941958887545345
1842,2017-10-17,0.20664886491238077,0.5246569816127593,0.3458282950423217
1843,2017-10-18,0.31889159859187877,0.5511370984024442,0.31741233373639666
1844,2017-10-19,0.44477492421209197,0.5817586334866256,0.41777509068923824
1845,2017-10-20,0.4744609048790249,0.5846964449112892,0.5435308343409917
1846,2017-10-21,0.3649831264657093,0.5588081780646039,0.5193470374848852
1847,2017-10-22,0.38265743865469326,0.5943543946925516,0.4733978234582831
1848,2017-10-23,0.45490153167424774,0.6493083892700433,0.5205562273276905
1849,2017-10-24,0.42429788937825297,0.6274038161534907,0.6686819830713422
1850,2017-10-25,0.35182748956128806,0.5530374497071122,0.3893591293833132
1851,2017-10-26,0.2826173997597665,0.4927422582314058,0.3379685610640871
1852,2017-10-27,0.37190413544586165,0.4728934640242155,0.4038694074969771
1853,2017-10-28,0.43791111365326296,0.4972887070819798,0.3470374848851271
1854,2017-10-29,0.680225075787908,0.4355148478153197,0.3920420193470373
1855,2017-10-30,0.47489346794028475,0.3791518120370352,0.7072249093107619
1856,2017-10-31,0.4365848252588227,0.3681094176648312,0.4954277509068925
1857,2017-11-01,0.5173454212663728,0.4005774212079647,0.268553506650544
1858,2017-11-02,0.6855910026883258,0.5090383736208572,0.46383766626360345
1859,2017-11-03,0.6562482125493332,0.4838877179498908,0.3748110640870618
1860,2017-11-04,0.5423411313847737,0.4452979818988858,0.40065749697702546
1861,2017-11-05,0.7935208488245726,0.4862362156578701,0.4616837968561065
1862,2017-11-06,0.7435973517130925,0.46721365698720163,0.39275997581620337
1863,2017-11-07,0.5593898358405307,0.3931955191982581,0.387016324062878
1864,2017-11-08,0.6137283360979233,0.3533187153546695,0.41429866989117303
1865,2017-11-09,0.6787986901561516,0.3385063136621511,0.3051692865779929
1866,2017-11-10,0.5384695132414345,0.2943804096750089,0.5169664449818623
1867,2017-11-11,0.400042183835726,0.2470826115544309,0.3977856711003628
1868,2017-11-12,0.4416111365326316,0.29259926100682065,0.25491233373639666
1869,2017-11-13,0.6653499113424468,0.35019882674362357,0.31450272067714624
1870,2017-11-14,0.5695783046387921,0.34278419305854335,0.3805547158403869
1871,2017-11-15,0.4269397414631355,0.32849605536511106,0.4365553204353084
1872,2017-11-16,0.5325602013384427,0.3585163091410646,0.5076330108827086
1873,2017-11-17,0.34115283418177644,0.37431297936112884,0.5564540507859733
1874,2017-11-18,0.5711405365211921,0.33618694204457,0.523428053204353
1875,2017-11-19,0.41281173139621363,0.3215977069604694,0.7251738210399032
1876,2017-11-20,0.1941671909855287,0.25954845179941266,0.5255819226118502
1877,2017-11-21,0.22615898301206872,0.35446394588730534,0.4947097944377268
1878,2017-11-22,0.493979866155694,0.3999227877005147,0.4545042321644499
1879,2017-11-23,0.29652734084539256,0.3624150153632151,0.41286275695284147
1880,2017-11-24,0.3183985871989934,0.344587162843645,0.3604519347037486
1881,2017-11-25,0.4194681976777441,0.3698078279313819,0.36332376058041116
1882,2017-11-26,0.435226362752388,0.35336925318873647,0.40855501813784767
1883,2017-11-27,0.3308964422581937,0.3384817961734665,0.39993954050785974
1884,2017-11-28,0.325734284733741,0.32640089847874876,0.4796327085852481
1885,2017-11-29,0.4058835726133958,0.36885951855878574,0.35111850060459493
1886,2017-11-30,0.18180518217697172,0.44450878483712586,0.15870616686819833
