datetime,Temp,Humidity,Wind_Speed_km,Temp_bins,Humidity_bins,Wind_Speed_bins,date,count,count_bins,Temp_norm,Humid_norm,weather_score
2016-03-22,288.3700993833333,59.875,1.0,Low,Low,High,March,5,Low,0.22172727564789352,0.5473313192346425,1.769058594882536
2016-03-23,289.9841461583333,32.791666666666664,0.47160178685386095,Medium,Low,High,March,68,High,0.1064958360105684,0.2200402819738167,0.7981379048382461
2016-03-24,290.7827041625,38.41666666666666,0.17677089980855143,Medium,Low,Medium,March,68,High,0.04948448424597284,0.2880161127895266,0.5142714968440508
2016-03-25,290.8668099083333,52.833333333333336,0.2208040842373963,Medium,Low,Medium,March,45,Medium,0.043479933247663985,0.4622356495468279,0.7265196670318882
2016-03-26,290.3185758541667,68.5,0.32227185705169115,Medium,Medium,High,March,19,Low,0.0826199385426336,0.6515609264853979,1.0564527220797226
2016-03-27,290.36196520416667,74.875,0.2744097000638162,Medium,High,Medium,March,37,Low,0.07952224810214072,0.7286002014098691,1.082532149575826
2016-03-28,289.2700875333333,74.25,0.31652839821314616,Low,High,High,March,56,Medium,0.1574745341614932,0.7210473313192347,1.195050263693874
2016-03-29,285.77311557916664,49.333333333333336,0.7957881301850671,Low,Low,High,March,53,Medium,0.4071334157326114,0.419939577039275,1.6228611229569534
2016-03-30,285.60392475,61.875,0.3446075303126995,Low,Low,High,March,74,High,0.4192124354489436,0.5715005035246727,1.3353204692863159
2016-03-31,286.7453734416667,57.41666666666666,0.3918315252074027,Low,Low,High,March,54,Medium,0.33772113169605544,0.5176233635448136,1.2471760204482718
2016-04-01,286.4361082125,55.91666666666666,0.1997447351627314,Low,Low,Medium,April,87,High,0.3598004655410378,0.49949647532729097,1.0590416760310601
2016-04-02,284.77486917916667,40.04166666666666,0.20676451818761968,Low,Low,Medium,April,29,Low,0.47840109617810056,0.30765357502517615,0.9928191893908964
2016-04-03,288.5765811083333,77.45833333333333,0.2144224633056797,Low,High,Medium,April,31,Low,0.20698595166702663,0.7598187311178248,1.1812271460905313
2016-04-04,291.4555211708333,60.5,0.23292916400765798,Medium,Low,Medium,April,35,Low,0.0014501436781633075,0.554884189325277,0.7892634970110983
2016-04-05,290.56083333333333,76.79166666666667,0.2801531589023612,Medium,High,Medium,April,61,High,0.06532448061683561,0.7517623363544815,1.0972399758736784
2016-04-06,296.7404166666667,82.33333333333333,0.31716656030631785,High,High,High,April,62,High,0.37340853382832845,0.8187311178247736,1.5093062119594198
2016-04-07,293.9591666666667,70.875,0.43714103382259095,Medium,Medium,High,April,88,High,0.17484710025939948,0.6802618328298088,1.2922499669117993
2016-04-08,297.6,62.16666666666666,0.07785577536694323,High,Low,Low,April,60,High,0.4347766592894061,0.5750251762336354,1.0876576108899847
2016-04-09,293.1645833333333,71.79166666666667,0.3126994256541162,Medium,Medium,High,April,43,Medium,0.11811951167273749,0.691339375629406,1.1221583129562598
2016-04-10,290.97083333333336,65.375,0.026164645820038294,Medium,Medium,Low,April,35,Low,0.03605340187049284,0.6137965760322257,0.6760146237227569
2016-04-11,293.50333333333333,51.958333333333336,0.20804084237396303,Medium,Low,Medium,April,57,High,0.14230384807596466,0.45166163141993965,0.8020063218698673
2016-04-12,286.2311511208333,47.333333333333336,0.11550733886407151,Low,Low,Low,April,93,High,0.3744329415649329,0.3957703927492448,0.8857106731782493
2016-04-13,289.8498023916666,72.875,0.475430759412891,Medium,Medium,High,April,57,High,0.11608702375003353,0.7044310171198389,1.2959488002827635
2016-04-14,289.93457942083336,68.66666666666667,0.5928525845564775,Medium,Medium,High,April,58,High,0.11003454790461839,0.6535750251762338,1.3564621576373295
2016-04-15,290.29299385,40.79166666666666,0.9591576260370136,Medium,Low,High,April,2,Low,0.0844463113681255,0.31671701913393746,1.3603209565390766
2016-04-17,294.3490040875,39.375,0.3624760689215061,High,Low,High,April,30,Low,0.20267871451179578,0.29959718026183285,0.8647519636951347
2016-04-18,294.9965750958333,32.333333333333336,0.3452456924058711,High,Low,High,April,76,High,0.2489106705575779,0.21450151057401817,0.8086578735374672
2016-04-19,295.5607725708333,34.291666666666664,0.26292278238672623,High,Low,Medium,April,58,High,0.2891903503605344,0.23816717019133937,0.7902803029386001
2016-04-20,295.0509972583333,41.79166666666666,0.2552648372686662,High,Low,Medium,April,50,Medium,0.25279602520168665,0.3288016112789526,0.8368624737493054
2016-04-21,294.76666666666665,40.91666666666666,0.1506062539885131,High,Low,Low,April,87,High,0.23249684681468927,0.31822759315206434,0.7013306939552667
2016-04-22,290.5639638833333,72.08333333333333,0.24186343331206128,Medium,Medium,Medium,April,78,High,0.06510098165203371,0.6948640483383686,1.0018284633024637
2016-04-23,290.395173225,61.833333333333336,0.7970644543714105,Medium,Low,High,April,1,Low,0.07715143202208487,0.5709969788519639,1.4452128652454594
2016-04-24,290.86316065833336,63.54166666666666,0.404594767070836,Medium,Medium,High,April,17,Low,0.0437404636967228,0.5916414904330312,1.0399767212005901
2016-04-25,288.6965864333333,61.208333333333336,0.9246968730057434,Low,Low,High,April,57,High,0.19841842650103664,0.5634441087613294,1.6865594082681097
2016-04-26,286.8287156791667,53.375,0.6100829610721125,Low,Low,High,April,62,High,0.331771089752741,0.46878147029204437,1.410635521116898
2016-04-27,289.00019467916667,60.25,0.404594767070836,Low,Low,High,April,35,Low,0.17674296095999686,0.5518630412890232,1.133200769319856
2016-04-28,288.2488184791667,57.125,0.49968091895341427,Low,Low,High,April,63,High,0.23038586807786496,0.514098690835851,1.2441654778671303
2016-04-29,288.59,65.91666666666667,0.3962986598596044,Low,Medium,High,April,68,High,0.20602793841174896,0.6203423967774422,1.2226689950487954
2016-04-30,288.695,69.375,0.4786215698787492,Low,Medium,High,April,25,Low,0.19853168653768472,0.6621349446122861,1.33928820102872
2016-05-01,285.9451576833333,80.75,0.18123803446075307,Low,High,Medium,May,5,Low,0.3948508352966381,0.799597180261833,1.3756860500192243
2016-05-02,288.4306778125,36.04166666666666,0.12635609444798981,Low,Low,Low,May,45,Medium,0.21740240742723982,0.2593152064451157,0.6030737083203453
2016-05-03,288.9128103875,76.5,0.20612635609444802,Low,High,Medium,May,36,Low,0.18298157677114088,0.7482376636455187,1.1373455965111077
2016-05-04,292.216966625,64.75,0.22846202935545631,Medium,Medium,Medium,May,36,Low,0.050466430475241686,0.6062437059415912,0.8851721657722892
2016-05-05,289.3391666666667,67.25,0.30185067007019784,Low,Medium,Medium,May,45,Medium,0.1525427762309307,0.636455186304129,1.0908486326052576
2016-05-06,294.31333333333333,82.58333333333333,0.3407785577536695,High,High,High,May,4,Low,0.20013207681873604,0.8217522658610273,1.3626629004334327
2016-05-08,297.02458333333334,65.20833333333333,0.04530950861518827,High,Medium,Low,May,5,Low,0.39369600913829017,0.6117824773413898,1.0507879950948682
2016-05-09,292.8929166666667,68.0,0.3375877472878111,Medium,Medium,High,May,34,Low,0.09872444730016337,0.6455186304128903,1.0818308250008648
2016-05-10,288.3700416666667,67.66666666666667,0.022335673261008302,Low,Medium,Low,May,42,Medium,0.22173139620665824,0.6414904330312187,0.8855575024988852
2016-05-11,292.46166666666664,82.375,0.10784939374601152,Medium,High,Low,May,40,Medium,0.06793626996025959,0.8192346424974826,0.9950203062037537
2016-05-12,286.8425727041667,74.33333333333333,0.11614550095724317,Low,High,Low,May,48,Medium,0.3307817968991683,0.7220543806646526,1.168981678521064
2016-05-13,292.7925,75.04166666666667,0.3784301212507977,Medium,High,High,May,3,Low,0.09155541276980997,0.730614300100705,1.2005998341213127
2016-05-16,290.6699117458333,69.33333333333333,0.3573707721761328,Medium,Medium,High,May,42,Medium,0.057537059149000376,0.6616314199395771,1.0765392512647103
2016-05-17,291.60083333333336,71.91666666666667,0.37396298659859606,Medium,Medium,High,May,55,Medium,0.006478903405445173,0.6928499496475329,1.073291839651574
2016-05-18,292.14625,74.45833333333333,0.3350350989151245,Medium,High,High,May,100,High,0.04541776730682672,0.7235649546827795,1.1040178209047309
2016-05-19,291.71583333333336,76.20833333333333,0.2865347798340779,Medium,High,Medium,May,70,High,0.014689084029419514,0.744712990936556,1.0459368548000534
2016-05-20,290.43541666666664,69.45833333333333,0.36119974473516275,Medium,Medium,High,May,69,High,0.07427833702196834,0.6631419939577039,1.098620075714835
2016-05-21,288.5833333333333,62.66666666666666,0.5443522654754309,Low,Low,High,May,33,Low,0.20650389091168903,0.581067472306143,1.331923628693263
2016-05-22,288.93,60.54166666666666,0.42884492661135937,Low,Low,High,May,58,High,0.18175436091478098,0.5553877139979858,1.165987001524126
2016-05-23,289.7308333333333,62.91666666666666,0.5660497766432675,Medium,Low,High,May,71,High,0.12458056685943127,0.5840886203423967,1.2747189638450955
2016-05-24,289.6585664666666,68.04166666666667,0.42118698149329936,Medium,Medium,High,May,94,High,0.1297399062373613,0.6460221550855993,1.19694904281626
2016-05-25,289.31209655000004,67.29166666666667,0.5188257817485642,Low,Medium,High,May,125,High,0.1544753896861077,0.636958710976838,1.31025988241151
2016-05-26,289.88112709166666,67.83333333333333,0.38098276962348443,Medium,Medium,High,May,97,High,0.11385066335879863,0.6435045317220544,1.1383379647043375
2016-05-27,291.37248458333335,70.95833333333333,0.33694958519463947,Medium,Medium,High,May,100,High,0.007378364389234579,0.6812688821752266,1.0255968317591007
2016-05-28,291.58027430416666,72.625,0.2935545628589662,Medium,Medium,Medium,May,47,Medium,0.0050111352062097375,0.7014098690835852,0.9999755671487611
2016-05-29,291.0385920791667,72.375,0.33567326100829614,Medium,Medium,High,May,43,Medium,0.031215910199662817,0.6983887210473314,1.0652778922552903
2016-05-30,291.42372283333333,71.58333333333333,0.2814294830887046,Medium,Medium,Medium,May,40,Medium,0.0037203184122243105,0.6888217522658611,0.9739715537667899
2016-05-31,291.8391003166667,75.91666666666667,0.3133375877472878,Medium,High,High,May,98,High,0.023489468361063477,0.7411883182275933,1.0780153743359449
2016-06-01,283.1617482041667,84.95833333333333,0.27058072750478623,Low,High,Medium,June,69,High,0.5935664402917545,0.8504531722054383,1.714600340001979
2016-06-02,290.4683333333333,25.791666666666668,0.11614550095724317,Medium,Low,Low,June,72,High,0.07192832155351221,0.135448136958711,0.3235219594694664
2016-06-03,288.61467207083336,78.70833333333333,0.541799617102744,Low,High,High,June,72,High,0.2042665283429698,0.7749244712990938,1.5209906167448077
2016-06-04,293.962372575,65.16666666666667,0.2737715379706446,Medium,Medium,Medium,June,40,Medium,0.1750759792722726,0.6112789526686809,1.0601264699115982
2016-06-05,288.27708333333334,72.79166666666667,0.3235481812380345,Low,Medium,High,June,39,Medium,0.2283679588777043,0.7034239677744211,1.2553401078901598
2016-06-06,292.3775,77.58333333333333,0.3477983407785578,Medium,High,High,June,81,High,0.061927369648512136,0.7613293051359518,1.1710550155630217
2016-06-07,294.365,70.5,0.41927249521378435,High,Medium,High,June,88,High,0.20382070869327565,0.6757301107754281,1.2988233146824881
2016-06-08,296.47583333333336,69.70833333333333,0.03573707721761328,High,Medium,Low,June,75,High,0.3545191689869386,0.6661631419939578,1.0564193881985098
2016-06-09,293.69625,74.75,0.2999361837906829,Medium,High,Medium,June,87,High,0.15607672354299468,0.7270896273917423,1.18310253472542
2016-06-10,285.7004166666667,52.958333333333336,0.0031908104658583307,Low,Low,Low,June,77,High,0.4123236001047081,0.46374622356495476,0.8792606341355211
2016-06-11,290.82125,88.20833333333333,0.16145500957243145,Medium,High,Medium,June,21,Low,0.046732586087908326,0.8897280966767374,1.0979156923370772
2016-06-12,286.966687225,77.54166666666667,0.18123803446075307,Low,High,Medium,June,31,Low,0.3219209044287391,0.7608257804632429,1.263984719352735
2016-06-13,291.38375,68.16666666666667,0.08487555839183153,Medium,Medium,Low,June,94,High,0.006574093905428318,0.6475327291037262,0.738982381400986
2016-06-14,291.24375000000003,53.083333333333336,0.10593490746649652,Medium,Low,Low,June,75,High,0.016569096404177926,0.46525679758308164,0.5877608014537561
2016-06-16,291.98791666666665,57.79166666666666,0.12571793235481815,Medium,Low,Low,June,40,Medium,0.03411389543323786,0.5221550855991943,0.6819869133872503
2016-06-17,294.95708333333334,50.54166666666666,0.05232929164007658,High,Low,Low,June,61,High,0.24609124009424177,0.43454179254783476,0.7329623242821531
2016-06-18,298.2233333333333,37.91666666666666,0.09253350350989155,High,Low,Low,June,24,Low,0.4792782180338393,0.28197381671701904,0.8537855382607499
2016-06-19,301.6558333333333,22.695652173913043,0.1805998723675814,High,Low,Medium,June,30,Low,0.7243342614407066,0.09803406453872762,1.0029681983470156
2016-06-20,305.51708333333335,21.363636363636363,0.13720485003190813,High,Low,Low,June,56,Medium,1.0,0.08193719674082212,1.2191420467727303
2016-06-21,302.3833333333333,47.625,0.042756860242501596,High,Low,Low,June,73,High,0.7762725779967155,0.3992950654582075,1.2183245036974246
2016-06-22,298.6620833333333,56.29166666666666,0.029355456285896628,High,Low,Low,June,80,High,0.5106018419361756,0.5040281973816716,1.043985495603744
2016-06-23,296.71375,72.58333333333333,0.03318442884492662,High,Medium,Low,June,67,High,0.3715047238285641,0.7009063444108762,1.1055954970843669
2016-06-24,295.5670833333333,76.91666666666667,0.215698787492023,High,High,Medium,June,72,High,0.28964089383879477,0.7532729103726085,1.258612591703426
2016-06-25,295.43083333333334,69.79166666666667,0.3069559668155712,High,Medium,High,June,37,Low,0.2799136146212635,0.6671701913393757,1.2540397727762105
2016-06-26,297.055,73.54166666666667,0.3126994256541162,High,Medium,High,June,49,Medium,0.3958675424192688,0.7124874118831824,1.4210543799565674
2016-06-27,298.10125,75.0,0.2827058072750479,High,High,Medium,June,73,High,0.4705623378786806,0.7301107754279961,1.4833789205817247
2016-06-28,298.72,77.20833333333333,0.3656668793873644,High,High,High,June,60,High,0.5147366792794111,0.7567975830815711,1.6372011417483465
2016-06-29,298.1458333333333,76.33333333333333,0.3516273133375878,High,High,High,June,76,High,0.4737452702220319,0.7462235649546828,1.5715961485143026
2016-06-30,297.75177615416663,73.41666666666667,0.37970644543714105,High,Medium,High,June,74,High,0.44561239529044927,0.7109768378650555,1.536295678592646
2016-07-01,282.5793827375,82.75,0.18251435864709642,Low,High,Medium,July,29,Low,0.6351431852526107,0.8237663645518633,1.6414239084515705
2016-07-02,291.2683333333333,24.416666666666668,0.24888321633694963,Medium,Low,Medium,July,14,Low,0.01481402156065094,0.11883182275931524,0.3825290606569158
2016-07-03,285.6471403125,68.54166666666667,0.7460114869176773,Low,Medium,High,July,29,Low,0.4161271521977084,0.6520644511581069,1.8142030902734925
2016-07-04,290.901941,75.08333333333333,0.13529036375239314,Medium,High,Low,July,45,Medium,0.040971823612003334,0.7311178247734139,0.9073800121378104
2016-07-05,288.4816666666666,69.125,0.33567326100829614,Low,Medium,High,July,75,High,0.21376216653578323,0.6591137965760323,1.2085492241201117
2016-07-06,292.81125000000003,73.625,0.3388640714741545,Medium,High,High,July,71,High,0.09289402917589344,0.7134944612286003,1.1452525618786482
2016-07-07,294.70958333333334,70.04166666666667,0.37523931078493944,High,Medium,High,July,62,High,0.22842150353395038,0.6701913393756296,1.2738521536945193
2016-07-08,296.505,70.33333333333333,0.06190172303765156,High,Medium,Low,July,70,High,0.3566014611741764,0.6737160120845922,1.09221919629642
2016-07-09,294.7008333333333,81.95833333333333,0.2776005105296746,High,High,Medium,July,20,Low,0.22779681587777703,0.8141993957703929,1.3195967221778444
2016-07-10,289.17941666666667,34.208333333333336,0.022335673261008302,Low,Low,Low,July,28,Low,0.16394778801075724,0.2371601208459215,0.42344358211768707
2016-07-11,290.94875,85.83333333333333,0.16911295469049142,Medium,High,Medium,July,57,High,0.037629994526546355,0.8610271903323264,1.0677701395493642
2016-07-12,285.5359683125,75.75,0.1282705807275048,Low,High,Low,July,55,Medium,0.424064040896217,0.7391742195367574,1.2915088411604794
2016-07-13,296.6180752208333,71.0,0.37268666241225273,High,Medium,High,July,32,Low,0.36467422627971713,0.6817724068479356,1.4191332955399054
2016-07-14,295.1888333333333,59.41666666666666,0.1269942565411615,High,Low,Low,July,66,High,0.26263653887342187,0.5417925478348439,0.9314233432494272
2016-07-15,295.4465,53.583333333333336,0.025526483726866632,High,Low,Low,July,84,High,0.2810321029961243,0.4712990936555892,0.7778576803785802
2016-07-16,294.865125,56.75,0.031908104658583285,High,Low,Low,July,18,Low,0.2395260702981851,0.5095669687814703,0.7810011437382387
2016-07-17,294.39283333333333,56.208333333333336,0.022335673261008302,High,Low,Low,July,5,Low,0.20580781038052626,0.5030211480362539,0.7311646316777884
2016-07-18,295.91058333333336,45.833333333333336,0.022335673261008302,High,Low,Low,July,61,High,0.3141643463982337,0.37764350453172213,0.7141435241909642
2016-07-19,305.088,24.0,0.06062539885130824,High,Low,Low,July,54,Medium,0.96936650722258,0.1137965760322256,1.143788482106114
2016-07-20,305.06462500000004,26.041666666666668,0.06062539885130824,High,Low,Low,July,68,High,0.9676976987696645,0.13846928499496478,1.1667923826159374
2016-07-21,300.1489166666667,53.458333333333336,0.18506700701978307,High,Low,Medium,July,66,High,0.6167511482354098,0.4697885196374623,1.271606674892655
2016-07-22,301.52458333333334,54.458333333333336,0.3516273133375878,High,Low,High,July,82,High,0.7149639465981302,0.48187311178247744,1.5484643717181954
2016-07-23,301.9975,55.833333333333336,0.24633056796426295,High,Low,Medium,July,36,Low,0.7487268270626595,0.4984894259818732,1.4935468210087957
2016-07-24,299.60875,69.0,0.2342054881940013,High,Medium,Medium,July,13,Low,0.5781870969277266,0.6576032225579054,1.4699958076796333
2016-07-25,299.965,71.04166666666667,0.31780472239948954,High,Medium,High,July,61,High,0.6036208086432965,0.6822759315206447,1.6037014625634307
2016-07-26,300.39666666666665,74.79166666666667,0.536694320357371,High,High,High,July,75,High,0.6344387330144444,0.7275931520644513,1.8987262054362666
2016-07-27,300.66875,69.58333333333333,0.39119336311423103,High,Medium,High,July,50,Medium,0.6538635444182669,0.6646525679758308,1.7097094755083289
2016-07-28,300.31458333333336,71.41666666666667,0.38608806636885773,High,Medium,High,July,58,High,0.6285785678589303,0.6868076535750253,1.7014742878028133
2016-07-29,300.25125,69.75,0.36056158264199106,High,Medium,High,July,63,High,0.6240570191094955,0.6666666666666667,1.6512852684181532
2016-07-30,299.19041666666664,69.75,0.28462029355456286,High,Medium,Medium,July,33,Low,0.5483210775564588,0.6666666666666667,1.4996080377776884
2016-07-31,298.71708333333333,73.08333333333333,0.3497128270580728,High,Medium,High,July,39,Medium,0.5145284500606853,0.7069486404833837,1.5711899176021418
2016-08-01,282.37395802916666,65.0,0.7849393746011487,Low,Medium,High,August,75,High,0.649809045774731,0.609264853977845,2.0440132743537247
2016-08-02,294.89958333333334,30.95833333333333,0.1844288449266114,High,Low,Medium,August,89,High,0.24198614978225458,0.1978851963746223,0.6243001910834882
2016-08-03,284.4396879625,66.95833333333333,0.7708998085513722,Low,Medium,High,August,26,Low,0.5023306468789417,0.6329305135951662,1.9061609690254802
2016-08-04,288.85759574166667,85.79166666666667,0.2048500319081047,Low,High,Medium,August,50,Medium,0.18692350907879438,0.8605236656596176,1.2522972066465168
2016-08-05,288.82041666666663,67.08333333333333,0.49904275686024263,Low,Medium,High,August,81,High,0.18957783013255605,0.6344410876132931,1.323061674606092
2016-08-06,294.10166666666663,73.16666666666667,0.16719846841097644,Medium,Medium,Medium,August,45,Medium,0.18502058494562257,0.7079556898288017,1.0601747431854007
2016-08-07,295.4604166666667,74.08333333333333,0.4575622208040843,High,High,High,August,35,Low,0.2820256538397496,0.7190332326283988,1.4586211072722328
2016-08-08,296.33166666666665,67.83333333333333,0.07211231652839824,High,Medium,Low,August,75,High,0.3442266961757224,0.6435045317220544,1.059843544426175
2016-08-09,294.80583333333334,70.625,0.37970644543714105,High,Medium,High,August,68,High,0.23529306775184125,0.6772406847935549,1.2922401979825373
2016-08-10,291.1501929,29.25,0.047862156987874924,Medium,Low,Low,August,83,High,0.02324840674900941,0.1772406847935549,0.24835124853043922
2016-08-11,293.33625,74.29166666666667,0.12571793235481815,Medium,High,Low,August,63,High,0.1303752885462065,0.7215508559919438,0.9776440768929685
2016-08-12,285.79833333333335,68.33333333333333,0.2086790044671347,Low,Medium,Medium,August,66,High,0.4053330477618322,0.649546827794562,1.263558880023529
2016-08-13,298.58666666666664,65.58333333333333,0.036375239310784936,High,Medium,Low,August,42,Medium,0.5052176292805975,0.6163141993957704,1.1579070679871528
2016-08-14,300.4370833333333,62.0,0.07530312699425654,High,Low,Low,August,36,Low,0.6373241950453331,0.5730110775427997,1.2856383995823895
2016-08-15,301.4479166666667,49.375,0.022973835354179965,High,Low,Low,August,83,High,0.7094904928488154,0.42044310171198396,1.1529074299149793
2016-08-16,299.97541666666666,36.5,0.033822590938098286,High,Low,Low,August,67,High,0.6043644844244548,0.26485397784491443,0.9030410532074675
2016-08-17,298.72291666666666,42.91666666666666,0.04658583280153159,High,Low,Low,August,53,Medium,0.5149449084981328,0.34239677744209457,0.903927518741759
2016-08-18,298.05,45.833333333333336,0.039566049776643276,High,Low,Low,August,42,Medium,0.4669034530353893,0.37764350453172213,0.8841130073437548
2016-08-19,297.23291666666665,63.125,0.0408423739629866,High,Low,Low,August,44,Medium,0.4085695247614296,0.5866062437059416,1.0360181424303578
2016-08-20,296.03416666666664,70.08333333333333,0.24633056796426295,High,Medium,Medium,August,28,Low,0.3229873158658764,0.6706948640483384,1.240012747878478
2016-08-21,296.34458333333333,74.91666666666667,0.400765794511806,High,High,High,August,53,Medium,0.3451488541443583,0.7291037260825782,1.4750183747387426
2016-08-22,296.69916666666666,73.875,0.3771537970644544,High,High,High,August,56,Medium,0.37046357773494315,0.716515609264854,1.4641329840642516
2016-08-23,296.40291666666667,74.625,0.3286534779834078,High,High,High,August,57,High,0.349313438518838,0.7255790533736154,1.4035459698758612
2016-08-24,296.7907754125,70.375,0.3318442884492661,High,Medium,High,August,44,Medium,0.37700378947431307,0.6742195367573012,1.3830676146808802
2016-08-25,295.70916666666665,73.08333333333333,0.2814294830887046,High,Medium,Medium,August,74,High,0.2997846314937777,0.7069486404833837,1.288162755065866
2016-08-26,294.21250000000003,70.45833333333333,0.3126994256541162,High,Medium,High,August,71,High,0.19293329525713843,0.675226586102719,1.1808593070139737
2016-08-27,293.53125,70.83333333333333,0.3375877472878111,Medium,Medium,High,August,35,Low,0.14429689916946575,0.6797583081570997,1.1616429546143765
2016-08-28,295.5229166666667,74.79166666666667,0.4097000638162094,High,High,High,August,45,Medium,0.2864877085266918,0.7275931520644513,1.4237809244073523
2016-08-29,297.6275,70.04166666666667,0.3656668793873644,High,Medium,High,August,81,High,0.43673996335165893,0.6701913393756296,1.472598182114653
2016-08-30,298.94166666666666,70.83333333333333,0.31078493937460117,High,Medium,High,August,66,High,0.5305620999024306,0.6797583081570997,1.5211053474341316
2016-08-31,298.7325,78.25,0.3216336949585195,High,High,High,August,52,Medium,0.5156290902167987,0.7693856998992952,1.6066484850746132
2016-09-01,282.1647360708333,62.375,0.09189534141671986,Low,Low,Low,September,73,High,0.6647460028914104,0.5775427995971804,1.3341841439053106
2016-09-02,294.55333333333334,19.666666666666668,0.23165283982131468,High,Low,Medium,September,74,High,0.21726636681659484,0.06143001007049347,0.5103492167084029
2016-09-03,288.34865529583334,58.0,0.38736439055520105,Low,Low,High,September,42,Medium,0.2232582307060757,0.5246727089627392,1.135295330224016
2016-09-04,288.77175313333333,81.875,0.2010210593490747,Low,High,Medium,September,28,Low,0.19305205968444417,0.8131923464249751,1.207265465458494
2016-09-05,289.3929166666667,72.0,0.3082322910019145,Low,Medium,High,September,32,Low,0.14870540920016187,0.6938569989929507,1.150794699195027
2016-09-06,294.3808333333333,78.95833333333333,0.037013401403956606,High,High,Low,September,78,High,0.20495109588063332,0.7779456193353476,1.0199101166199376
2016-09-07,296.10125,75.45833333333333,0.3650287172941928,High,High,High,September,58,High,0.32777658789652947,0.7356495468277946,1.428454852018517
2016-09-08,294.10795833333333,65.58333333333333,0.05488194001276325,Medium,Medium,Low,September,80,High,0.18546976511744365,0.6163141993957704,0.8566659045259772
2016-09-09,294.89625,77.20833333333333,0.5469049138481176,High,High,High,September,85,High,0.24174817353228456,0.7567975830815711,1.5454506704619733
2016-09-10,292.642125,30.541666666666668,0.0446713465220166,Medium,Low,Low,September,28,Low,0.0808197091930272,0.19284994964753277,0.3183410053625766
2016-09-11,297.02375,39.66666666666666,0.1735800893426931,High,Low,Medium,September,43,Medium,0.39363651507579767,0.30312185297079547,0.8703384573892863
2016-09-12,286.75391895,78.54166666666667,0.2827058072750479,Low,High,Medium,September,68,High,0.337111043287879,0.772910372608258,1.392727223171185
2016-09-13,291.5720833333333,72.375,0.5035098915124442,Medium,Medium,High,September,59,High,0.0044263582494475295,0.6983887210473314,1.2063249708092232
2016-09-14,290.57416666666666,66.33333333333333,0.2916400765794512,Medium,Medium,Medium,September,57,High,0.06437257561695547,0.6253776435045317,0.9813902957009384
2016-09-15,292.4275,68.83333333333333,0.2878111040204212,Medium,Medium,Medium,September,57,High,0.06549701339806673,0.6555891238670695,1.0088972412855575
2016-09-16,293.2716666666667,73.25,0.2788768347160179,Medium,Medium,Medium,September,40,Medium,0.12576449870303502,0.7089627391742196,1.1136040725932725
2016-09-17,294.34083333333336,76.79166666666667,0.2782386726228462,High,High,Medium,September,17,Low,0.2020953808809929,0.7517623363544815,1.2320963898583206
2016-09-18,296.60952667916666,80.79166666666667,0.17230376515634974,High,High,Medium,September,28,Low,0.36406392131315457,0.800100704934542,1.3364683914040463
2016-09-19,298.9479166666667,56.79166666666666,0.17740906190172306,High,Low,Medium,September,39,Medium,0.5310083053711264,0.5100704934541792,1.2184878607270289
2016-09-20,298.03418497083334,43.91666666666666,0.06253988513082324,High,Low,Low,September,43,Medium,0.46577437263511273,0.3544813695871097,0.8827956273530457
2016-09-21,296.7644228916667,53.625,0.08232291001914488,High,Low,Low,September,36,Low,0.3751224072487606,0.4718026183282981,0.9292479355962036
2016-09-22,294.15745559166663,60.41666666666666,0.19081046585832806,Medium,Low,Medium,September,46,Medium,0.18900351669403417,0.553877139979859,0.9336911225322212
2016-09-23,292.38916666666665,46.083333333333336,0.5315890236119976,Medium,Low,High,September,54,Medium,0.06276028652340726,0.3806646525679759,0.9750139627033807
2016-09-24,294.83625,42.458333333333336,0.020421186981493304,High,Low,Low,September,39,Medium,0.23746460103281986,0.33685800604229615,0.5947437940566094
2016-09-25,298.3229922208333,26.916666666666668,0.07275047862156989,High,Low,Low,September,34,Low,0.4863931525308784,0.14904330312185302,0.7081869342743012
2016-09-26,301.8384696708333,22.375,0.07913209955328654,High,Low,Low,September,68,High,0.7373731946526729,0.09415911379657604,0.9106644080025355
2016-09-27,300.86953385833334,27.20833333333333,0.042118698149329926,High,Low,Low,September,77,High,0.6681980813164857,0.15256797583081566,0.8628847552966313
2016-09-28,298.7270833333333,42.75,0.01978302488832164,High,Low,Low,September,46,Medium,0.5152423788105954,0.3403826787512588,0.8754080824501759
2016-09-29,298.62916666666666,45.875,0.05041480536056159,High,Low,Low,September,56,Medium,0.5082518264677195,0.37814702920443105,0.9368136610327121
2016-09-30,297.90208333333334,48.91666666666666,0.039566049776643276,High,Low,Low,September,47,Medium,0.45634325694295885,0.4149043303121852,0.9108136370317874
2016-10-01,284.97151095416666,76.125,0.14613911933631146,Low,High,Low,October,32,Low,0.4643622745175031,0.7437059415911381,1.3542073354449526
2016-10-02,293.57960145833334,28.375,0.05871091257179325,Medium,Low,Low,October,25,Low,0.1477488487898943,0.16666666666666669,0.3731264280283543
2016-10-03,290.0479895375,69.20833333333333,0.19783024888321638,Medium,Medium,Medium,October,72,High,0.10193787362271552,0.6601208459214502,0.959888968427382
2016-10-04,289.16398726666665,69.20833333333333,0.219527760051053,Low,Medium,Medium,October,83,High,0.16504933723614573,0.6601208459214502,1.044697943208649
2016-10-05,289.65791666666667,70.54166666666667,0.29738353541799617,Medium,Medium,Medium,October,61,High,0.1297862973275278,0.6762336354481371,1.103403468193661
2016-10-06,293.99916666666667,79.58333333333333,0.022973835354179965,Medium,High,Low,October,59,High,0.17770281525903991,0.785498489425982,0.9861751400392018
2016-10-07,296.4725,74.41666666666667,0.45245692405871096,High,High,High,October,66,High,0.35428119273696856,0.7230614300100706,1.5297995468057501
2016-10-08,295.5917083333333,66.25,0.012763241863433316,High,Medium,Low,October,40,Medium,0.291398943385451,0.6243705941591139,0.9285327794079983
2016-10-09,295.7308333333333,80.54166666666667,0.3899170389278877,High,High,High,October,8,Low,0.30133147711858294,0.7970795568982882,1.4883280729447588
2016-10-10,292.0240833333333,43.91666666666666,0.019144862795149972,Medium,Low,Low,October,37,Low,0.03669593774541356,0.3544813695871097,0.41032217012767325
2016-10-11,297.38625,25.916666666666668,0.18698149329929806,High,Low,Medium,October,80,High,0.4195164322600634,0.1369587109768379,0.7434566365361994
2016-10-12,287.40500000000003,87.79166666666667,0.1544352265475431,Low,High,Medium,October,64,High,0.29062849527616963,0.8846928499496478,1.3297565717733604
2016-10-13,287.45008333333334,70.95833333333333,0.025526483726866632,Low,Medium,Low,October,47,Medium,0.2874098664953237,0.6812688821752266,0.9942052323974169
2016-10-14,287.8700343125,69.41666666666667,0.009572431397574986,Low,Medium,Low,October,79,High,0.2574283587372967,0.6626384692849951,0.9296392594198668
2016-10-15,287.58633352916667,74.625,0.009572431397574986,Low,High,Low,October,34,Low,0.2776825732966854,0.7255790533736154,1.0128340580678759
2016-10-16,289.40353055,82.54166666666667,0.012763241863433316,Low,High,Low,October,22,Low,0.14794765355417422,0.8212487411883185,0.981959636605926
2016-10-17,288.23075,88.875,0.015954052329291646,Low,High,Low,October,100,High,0.23167582875229104,0.8977844914400808,1.1454143725216634
2016-10-18,287.11225,76.41666666666667,0.0063816209317166615,Low,High,Low,October,71,High,0.31152875942980784,0.7472306143001008,1.0651409946616255
2016-10-19,286.35926097916666,60.54166666666666,0.028717294192724955,Low,Low,Low,October,63,High,0.3652868104638159,0.5553877139979858,0.9493918186545267
2016-10-20,289.65856584166664,32.791666666666664,0.0446713465220166,Medium,Low,Low,October,72,High,0.12973995085790704,0.2200402819738167,0.3944515793537403
2016-10-21,291.1799470708333,27.25,0.03828972559029994,Medium,Low,Low,October,30,Low,0.0211241709502435,0.1530715005035247,0.21248539704406813
2016-10-22,289.26375,40.208333333333336,0.009572431397574986,Low,Low,Low,October,36,Low,0.15792698888650886,0.3096676737160121,0.47716709400009594
2016-10-23,288.57425,55.91666666666666,0.0031908104658583307,Low,Low,Low,October,46,Medium,0.20715237619285615,0.49949647532729097,0.7098396619860055
2016-10-24,289.58475,78.25,0.04148053605615827,Medium,High,Low,October,73,High,0.13500987601437578,0.7693856998992952,0.9458761119698292
2016-10-25,287.9814166666667,77.375,0.022335673261008302,Low,High,Low,October,86,High,0.2494764522500643,0.758811681772407,1.0306238072834795
2016-10-26,289.2242083333333,68.45833333333333,0.022335673261008302,Low,Medium,Low,October,51,Medium,0.16074998215178388,0.6510574018126889,0.8341430572254811
2016-10-27,290.7262083333333,62.083333333333336,0.04148053605615827,Medium,Low,Low,October,45,Medium,0.05351788391518769,0.5740181268882176,0.6690165468595637
2016-10-29,288.0799583333333,78.91666666666667,0.012763241863433316,Low,High,Low,October,2,Low,0.2424412793603221,0.7774420946626387,1.032646615886394
2016-10-30,288.36691666666667,89.33333333333333,0.012763241863433316,Low,High,Low,October,33,Low,0.22195449894100616,0.9033232628398793,1.138041003644319
2016-10-31,285.25754166666667,88.04166666666667,0.012763241863433316,Low,High,Low,October,74,High,0.4439417196163818,0.8877139979859016,1.3444189594657168
2016-11-01,285.93602806666667,68.79166666666667,0.11167836630504152,Low,Medium,Low,November,86,High,0.3955026248780371,0.6550855991943607,1.1622665903774394
2016-11-02,292.2575985875,31.916666666666668,0.08104658583280154,Medium,Low,Low,November,56,Medium,0.05336726309464733,0.20946626384692857,0.34388011277437747
2016-11-03,289.171334525,72.16666666666667,0.2763241863433312,Low,Medium,Medium,November,79,High,0.1645247953404244,0.6958710976837866,1.1367200793675423
2016-11-04,289.69584424166663,70.20833333333333,0.2750478621569879,Medium,Medium,Medium,November,69,High,0.12707853870684038,0.6722054380664653,1.0743318389302936
2016-11-05,291.185,73.375,0.3962986598596044,Medium,Medium,High,November,40,Medium,0.020763427809905886,0.7104733131923465,1.1275354008618568
2016-11-06,291.78333333333336,82.45833333333333,0.022335673261008302,Medium,High,Low,November,22,Low,0.01950810309131679,0.8202416918429004,0.8620854681952255
2016-11-07,295.84666666666664,68.41666666666667,0.4052329291640077,High,Medium,High,November,61,High,0.30960115180504977,0.65055387713998,1.3653879581090376
2016-11-08,296.0258333333333,67.70833333333333,0.03254626675175494,High,Medium,Low,November,79,High,0.3223923752409513,0.6419939577039275,0.9969325996966338
2016-11-09,295.5841666666667,80.29166666666667,0.3343969368219528,High,High,High,November,54,Medium,0.2908605221198973,0.7940584088620345,1.4193158678038849
2016-11-10,289.3659166666667,61.54166666666666,0.009572431397574986,Low,Low,Low,November,81,High,0.15063301682491997,0.5674723061430009,0.727677754365496
2016-11-11,295.3675,27.20833333333333,0.17230376515634974,High,Low,Medium,November,73,High,0.27539206587182874,0.15256797583081566,0.6002638068589942
2016-11-12,288.9191666666666,86.95833333333333,0.1193363114231015,Low,High,Low,November,22,Low,0.18252778372718767,0.8746223564954684,1.1764864516457576
2016-11-13,294.26416666666665,44.66666666666666,0.18251435864709642,High,Low,Medium,November,44,Medium,0.19662192713167398,0.363544813695871,0.7426810994746413
2016-11-14,294.0708333333333,42.958333333333336,0.16656030631780475,Medium,Low,Medium,November,72,High,0.18281930463339974,0.34290030211480366,0.6922799130660082
2016-11-15,292.1708333333333,78.41666666666667,0.14294830887045312,Medium,High,Low,November,91,High,0.04717284215035371,0.7713997985901311,0.9615209496109378
2016-11-16,289.735,87.375,0.1506062539885131,Medium,High,Low,November,49,Medium,0.12428309654696466,0.8796576032225581,1.1545469537580357
2016-11-17,288.9195833333333,52.625,0.2501595405232929,Low,Low,Medium,November,60,High,0.18249803669593936,0.45971802618328306,0.8923756034025153
2016-11-18,290.19875,34.625,0.12571793235481815,Medium,Low,Low,November,79,High,0.09117465076985304,0.24219536757301108,0.45908795069768227
2016-11-19,288.42,35.833333333333336,0.1378430121250798,Low,Low,Low,November,26,Low,0.2181647271602289,0.256797583081571,0.6128053223668797
2016-11-20,288.3208333333333,84.5,0.08679004467134653,Low,High,Low,November,43,Medium,0.22524452059684555,0.8449144008056397,1.156948966073832
2016-11-21,287.8408333333333,88.20833333333333,0.2948308870453096,Low,High,Medium,November,117,High,0.2595131005925631,0.8897280966767374,1.44407208431461
2016-11-22,287.8883333333333,71.41666666666667,0.1601786853860881,Low,Medium,Medium,November,77,High,0.2561219390304861,0.6868076535750253,1.1031082779915995
2016-11-23,287.745,72.45833333333333,0.1697511167836631,Low,Medium,Medium,November,58,High,0.2663549177792057,0.6993957703927492,1.135501804955618
2016-11-24,288.7199184375,38.0,0.12061263560944481,Low,Low,Low,November,40,Medium,0.19675268764427492,0.28298086606243705,0.6003461893161568
2016-11-25,289.3975,24.20833333333333,0.11231652839821317,Low,Low,Low,November,52,Medium,0.1483781918564551,0.11631419939577035,0.3770089196504386
2016-11-26,285.9579166666667,67.83333333333333,0.1231652839821315,Low,Medium,Low,November,26,Low,0.3939399347945066,0.6435045317220544,1.1606097504986925
2016-11-27,284.93416666666667,86.33333333333333,0.5641352903637525,Low,High,High,November,23,Low,0.46702839056662077,0.867069486404834,1.8982331673352073
2016-11-28,285.2183333333333,53.5,0.2565411614550096,Low,Low,Medium,November,73,High,0.446740915256659,0.47029204431017124,1.1735741210218398
2016-11-29,286.3808333333333,72.66666666666667,0.13337587747287813,Low,Medium,Low,November,54,Medium,0.363746698079532,0.7019133937562942,1.1990359693087045
2016-11-30,286.117946175,49.41666666666666,0.17038927887683475,Low,Low,Medium,November,91,High,0.3825149681111834,0.42094662638469277,0.9738508733727109
2016-12-01,284.60580204166666,49.0,0.14613911933631146,Low,Low,Low,December,85,High,0.49047128519073757,0.4159113796576033,1.0525217841846524
2016-12-02,291.74120842083335,38.958333333333336,0.16336949585194643,Medium,Low,Medium,December,79,High,0.01650068447919326,0.29456193353474325,0.47443211386588297
2016-12-03,284.94870191666666,66.875,0.45628589661774094,Low,Medium,High,December,30,Low,0.4659906772804071,0.6319234642497483,1.5542000381478962
2016-12-04,290.10999610833335,72.29166666666667,0.3024888321633695,Medium,Medium,Medium,December,50,Medium,0.09751104626258307,0.6973816717019136,1.097381550127866
2016-12-05,292.5154166666667,79.66666666666667,0.37204850031908104,Medium,High,High,December,57,High,0.07177363699103251,0.7865055387714001,1.2303276760815136
2016-12-06,290.9220833333333,86.5,0.0446713465220166,Medium,High,Low,December,57,High,0.039533804526310695,0.8690835850956699,0.9532887361439972
2016-12-07,295.6135709083333,68.375,0.42693044033184435,High,Medium,High,December,58,High,0.2929597754694091,0.6500503524672709,1.3699405682685244
2016-12-08,296.90708333333333,71.91666666666667,0.037013401403956606,High,Medium,Low,December,43,Medium,0.38530734632683833,0.6928499496475329,1.1151706973783277
2016-12-09,293.21666666666664,76.70833333333333,0.3529036375239311,Medium,High,High,December,75,High,0.12183789057852133,0.7507552870090635,1.225496815111516
2016-12-10,287.1780416666667,70.375,0.012763241863433316,Low,Medium,Low,December,31,Low,0.3068317031960208,0.6742195367573012,0.9938144818167554
2016-12-11,293.965,38.625,0.17613273771537974,Medium,Low,Medium,December,25,Low,0.17526355869684299,0.29053373615307154,0.6419300325652942
2016-12-12,289.05458333333337,83.875,0.13911933631142312,Low,High,Low,December,65,High,0.17285999857214077,0.8373615307150052,1.149340865598569
2016-12-13,288.3233333333333,83.5,0.10721123165283984,Low,High,Low,December,75,High,0.22506603840936804,0.8328298086606246,1.1651070787228326
2016-12-14,287.2129166666667,83.375,0.12444160816847481,Low,High,Low,December,70,High,0.3043418766807071,0.8313192346424977,1.2601027194916796
2016-12-15,288.0891666666667,86.08333333333333,0.1269942565411615,Low,High,Low,December,62,High,0.2417838699697752,0.8640483383685802,1.2328264648795169
2016-12-16,287.51235806666665,88.95833333333333,0.8825781748564135,Low,High,High,December,94,High,0.28296389424335605,0.8987915407854986,2.064333609885268
2016-12-17,283.726255325,44.583333333333336,0.496490108487556,Low,Low,High,December,38,Medium,0.5532646539825309,0.36253776435045326,1.41229252682054
2016-12-18,282.3850664916667,46.208333333333336,0.12061263560944481,Low,Low,Low,December,41,Medium,0.649015980700123,0.3821752265861028,1.1518038428956707
2016-12-19,285.5670544416667,28.541666666666668,0.17485641352903641,Low,Low,Medium,December,60,High,0.4218447127626637,0.16868076535750257,0.7653818916492028
2016-12-20,287.60291666666666,15.541666666666666,0.09572431397574986,Low,Low,Low,December,48,Medium,0.2764986554341886,0.01158106747230613,0.3838040368822446
2016-12-21,289.6245833333333,31.0,0.16336949585194643,Medium,Low,Medium,December,49,Medium,0.13216605982723223,0.19838872104733132,0.49392427672651
2016-12-22,286.83125,87.16666666666667,0.18379068283343972,Low,High,Medium,December,48,Medium,0.3315901573023005,0.8771399798590134,1.3925208199947536
2016-12-23,286.9691666666667,82.20833333333333,0.17485641352903641,Low,High,Medium,December,42,Medium,0.32174388995978015,0.8172205438066467,1.3138208472954633
2016-12-24,284.95958333333334,74.04166666666667,0.6860242501595407,Low,High,High,December,36,Low,0.4652138216605972,0.7185297079556899,1.8697677797758279
2016-12-25,281.515,51.083333333333336,0.2086790044671347,Low,Low,Medium,December,26,Low,0.7111325289736078,0.44108761329305146,1.3608991467337939
2016-12-26,282.3775,55.41666666666666,0.11167836630504152,Low,Low,Low,December,38,Medium,0.6495561742938043,0.4934541792547834,1.2546887198536292
2016-12-27,285.29833333333335,43.458333333333336,0.1997447351627314,Low,Low,Medium,December,37,Low,0.44102948525737,0.3489425981873112,0.9897168186074126
2016-12-28,287.57125,35.958333333333336,0.13337587747287813,Low,Low,Low,December,28,Low,0.27875942980890395,0.25830815709969795,0.6704434643814801
2016-12-29,289.1958333333333,34.75,0.10593490746649652,Low,Low,Low,December,52,Medium,0.16277575497965444,0.24370594159113798,0.512416604037289
2016-12-30,289.0825,59.708333333333336,0.2259093809827697,Low,Low,Medium,December,52,Medium,0.17086694747864375,0.5453172205438067,0.9420935490052201
2016-12-31,286.4166666666667,90.16666666666669,0.2858966177409062,Low,High,Medium,December,27,Low,0.36118845339235006,0.9133937562940588,1.560478827427315
2017-01-01,282.1508333333333,83.54166666666667,0.1882578174856414,Low,High,Medium,January,5,Low,0.6657385592917829,0.8333333333333336,1.6873297101107578
2017-01-02,286.5204166666667,66.33333333333333,0.1640076579451181,Low,Medium,Medium,January,14,Low,0.3537814426120266,0.6253776435045317,1.1431667440616764
2017-01-03,286.3220833333333,52.16666666666666,0.19655392469687305,Low,Low,Medium,January,46,Medium,0.36794102948526,0.4541792547834843,1.0186742089656173
2017-01-04,288.61333333333334,52.125,0.36949585194639445,Low,Low,High,January,30,Low,0.20436210466195465,0.4536757301107755,1.0275336867191245
2017-01-05,293.7629166666666,55.958333333333336,0.3082322910019145,Medium,Low,High,January,55,Medium,0.1608362485423954,0.5000000000000001,0.96906853954431
2017-01-06,291.3220833333333,75.91666666666667,0.26547543075941293,Medium,High,Medium,January,54,Medium,0.01097665452988209,0.7411883182275933,1.0176404035168884
2017-01-07,293.4770833333333,83.79166666666667,0.38098276962348443,Medium,High,High,January,38,Medium,0.1404297851074486,0.8363544813695873,1.3577670361005203
2017-01-08,297.5129166666667,69.875,0.0689215060625399,High,Medium,Low,January,25,Low,0.42855952975893286,0.6681772406847937,1.1656582765062664
2017-01-09,302.8616666666667,56.41666666666666,0.10912571793235483,High,Low,Low,January,61,High,0.810422169867448,0.5055387713997985,1.4250866591996014
2017-01-10,293.62708333333336,72.20833333333333,0.2890874282067646,Medium,Medium,Medium,January,60,High,0.1511387163561124,0.6963746223564955,1.1366007669193725
2017-01-11,291.385,70.41666666666667,0.12635609444798981,Medium,Medium,Low,January,92,High,0.006484852811691583,0.6747230614300103,0.8075640086896916
2017-01-13,284.41416666666663,87.04166666666667,0.09572431397574986,Low,High,Low,January,76,High,0.5041526855619828,0.8756294058408864,1.475506405378619
2017-01-14,285.87583333333333,74.0,0.30950861518825784,Low,High,High,January,34,Low,0.39980009995002486,0.718026183282981,1.4273348984212637
2017-01-15,286.5620833333333,71.41666666666667,0.21250797702616467,Low,Medium,Medium,January,32,Low,0.35080673948740115,0.6868076535750253,1.250122370088591
2017-01-16,286.3025,78.625,0.22399489470325468,Low,High,Medium,January,33,Low,0.3693391399538319,0.773917421953676,1.3672514566107625
2017-01-17,285.3645833333333,73.45833333333333,0.22271857051691132,Low,Medium,Medium,January,62,High,0.4362997072892135,0.7114803625377644,1.3704986403438892
2017-01-18,284.94,72.625,0.1857051691129547,Low,Medium,Medium,January,49,Medium,0.4666119321291732,0.7014098690835852,1.353726970325713
2017-01-19,286.0125,80.04166666666667,0.4843650287172942,Low,High,High,January,73,High,0.3900430737012453,0.7910372608257807,1.6654453632443202
2017-01-20,285.1166666666667,87.75,0.47734524569240594,Low,High,High,January,65,High,0.45399919088074914,0.8841893252769388,1.815533761850094
2017-01-21,284.33708333333334,68.58333333333333,0.9693682195277602,Low,Medium,High,January,36,Low,0.5096558863425419,0.6525679758308157,2.131592081701118
2017-01-22,284.3854166666667,79.875,0.6343331206126358,Low,High,High,January,28,Low,0.5062052307179723,0.7890231621349448,1.9295615134655528
2017-01-23,284.4504166666666,86.125,0.5851946394384174,Low,High,High,January,65,High,0.5015646938435566,0.8645518630412893,1.9513111963232634
2017-01-24,279.6245416666667,81.625,0.1678366305041481,Low,High,Medium,January,34,Low,0.8460977844411092,0.8101711983887212,1.8241056133339786
2017-01-25,277.4688333333333,77.0,0.1506062539885131,Low,High,Low,January,43,Medium,1.0,0.7542799597180263,1.9048862137065394
2017-01-26,282.53416666666664,61.958333333333336,0.15507338864071477,Low,Low,Medium,January,40,Medium,0.6383712905452046,0.5725075528700907,1.36595223205601
2017-01-27,285.37416666666667,47.125,0.4014039566049777,Low,Low,High,January,34,Low,0.43561552557054767,0.3932527693856999,1.2302722515612252
2017-01-28,286.08458333333334,42.75,0.20740268028079137,Low,Low,Medium,January,26,Low,0.3848968372956372,0.3403826787512588,0.9326821963276873
2017-01-29,287.71541666666667,36.04166666666666,0.14550095724313977,Low,Low,Low,January,33,Low,0.2684669569976918,0.2593152064451157,0.6732831206859473
2017-01-30,290.1829166666667,32.791666666666664,0.10912571793235483,Medium,Low,Low,January,49,Medium,0.0923050379572107,0.2200402819738167,0.42147103786338225
2017-01-31,288.91791666666666,42.16666666666666,0.11869814932992982,Low,Low,Low,January,47,Medium,0.1826170248209244,0.33333333333333326,0.6346485074841874
2017-02-01,284.2008333333333,73.625,0.1678366305041481,Low,High,Medium,February,34,Low,0.5193831655600772,0.7134944612286003,1.4007142572928255
2017-02-02,286.37375,71.95833333333333,0.10338225909380984,Low,Medium,Low,February,60,High,0.36425239761072037,0.6933534743202417,1.160988131024772
2017-02-03,289.4841666666667,36.75,0.1640076579451181,Low,Low,Medium,February,54,Medium,0.14219080935722606,0.2678751258811682,0.5740735931835124
2017-02-04,290.4945833333333,66.625,0.24952137843012126,Medium,Medium,Medium,February,31,Low,0.07005425858499616,0.6289023162134946,0.948477953228612
2017-02-05,294.2333333333333,66.66666666666667,0.24696873005743464,High,Medium,Medium,February,27,Low,0.19442064681944707,0.6294058408862035,1.0707952177630853
2017-02-06,292.72666666666663,74.875,0.3331206126356095,Medium,High,High,February,70,High,0.08685538183289365,0.7286002014098691,1.1485761958783722
2017-02-07,293.66739221250003,76.95833333333333,0.25973197192086794,Medium,High,Medium,February,86,High,0.15401648312748906,0.7537764350453172,1.167524890093674
2017-02-08,300.01375,61.5,0.08359923420548822,High,Low,Low,February,85,High,0.6071012112991143,0.5669687814702921,1.2576692269748946
2017-02-09,303.33375,45.833333333333336,0.1448627951499681,High,Low,Low,February,54,Medium,0.8441255562694847,0.37764350453172213,1.366631855951175
2017-02-10,293.07958333333335,67.875,0.10976388002552652,Medium,Medium,Low,February,43,Medium,0.11205111729849752,0.6440080563947634,0.8658230537187874
2017-02-11,290.76166666666666,73.5,0.19783024888321638,Medium,Medium,Medium,February,58,High,0.0509864115561288,0.7119838872104735,0.9608005476498186
2017-02-13,289.6208511125,54.208333333333336,0.20421186981493303,Medium,Low,Medium,February,56,Medium,0.13243251380262205,0.47885196374622363,0.8154963473637786
2017-02-14,286.7352140958333,48.04166666666666,0.016592214422463312,Low,Low,Low,February,67,High,0.33844643660312745,0.404330312185297,0.7593689632108878
2017-02-15,285.14525,49.083333333333336,0.025526483726866632,Low,Low,Low,February,46,Medium,0.4519585445372565,0.41691842900302123,0.8944034572671443
2017-02-16,284.397375,64.5,0.012763241863433316,Low,Medium,Low,February,62,High,0.5053514909212046,0.6032225579053374,1.1213372906899752
2017-02-17,284.169625,80.375,0.2201659221442247,Low,High,Medium,February,38,Medium,0.5216112182004231,0.7950654582074523,1.5368425985521001
2017-02-18,282.808875,95.95833333333331,0.22973835354179967,Low,High,Medium,February,43,Medium,0.6187590728445289,0.9833836858006042,1.8318811121869327
2017-02-19,280.47016666666667,88.54166666666667,0.031908104658583285,Low,High,Low,February,41,Medium,0.785726184526782,0.8937562940584092,1.7113905832437744
2017-02-20,283.27566666666667,97.33333333333331,0.0,Low,High,Low,February,29,Low,0.5854334737393199,1.0,1.5854334737393199
2017-02-21,284.8723426458333,91.54166666666669,0.06445437141033825,Low,High,Low,February,32,Low,0.47144218515742115,0.9300100704934546,1.465906627061214
2017-02-22,287.41041666666666,79.83333333333333,0.3286534779834078,Low,High,High,February,54,Medium,0.29024178386997035,0.7885196374622357,1.4074148993156137
2017-02-23,284.8383333333333,44.29166666666666,0.6490108487555839,Low,Low,High,February,52,Medium,0.4738702077532674,0.35901309164149037,1.4818941481503418
2017-02-24,283.3275,36.41666666666666,0.4741544352265476,Low,Low,High,February,51,Medium,0.5817329430522834,0.26384692849949637,1.3197343067783274
2017-02-25,283.29375,60.75,0.24186343331206128,Low,Low,Medium,February,33,Low,0.5841424525832319,0.5579053373615308,1.383911223256824
2017-02-26,284.09041666666667,72.41666666666667,0.29674537332482454,Low,Medium,Medium,February,45,Medium,0.5272661288403407,0.6988922457200404,1.5229037478852057
2017-02-27,284.32916666666665,70.45833333333333,0.16336949585194643,Low,Medium,Medium,February,23,Low,0.5102210799362228,0.675226586102719,1.3488171618908882
2017-02-28,284.77375,64.0,0.2712188895979579,Low,Medium,Medium,February,35,Low,0.47848099759643886,0.5971802618328299,1.3468801490272266
2017-03-01,283.65625,75.95833333333333,0.06445437141033825,Low,High,Low,March,42,Medium,0.5582625353989663,0.7416918429003022,1.364408749709607
2017-03-02,287.1170833333333,83.0,0.15507338864071477,Low,High,Medium,March,55,Medium,0.31118369386735373,0.826787512588117,1.2930445950961855
2017-03-03,290.7908333333333,30.791666666666668,0.1933631142310147,Medium,Low,Medium,March,60,High,0.04890411936889099,0.19587109768378658,0.4381383312836923
2017-03-04,288.73583333333335,78.45833333333333,0.3388640714741545,Low,High,High,March,31,Low,0.19561647747554772,0.77190332326284,1.3063838722125423
2017-03-05,294.5,67.08333333333333,0.36056158264199106,High,Medium,High,March,32,Low,0.21345874681707022,0.6344410876132931,1.2084614170723542
2017-03-06,293.8475,81.45833333333333,0.3994894703254627,Medium,High,High,March,46,Medium,0.16687489588539517,0.8081570996978853,1.3745214659087432
2017-03-07,294.555,75.33333333333333,0.2559029993618379,High,High,Medium,March,35,Low,0.21738535494157984,0.7341389728096677,1.2074273271130855
2017-03-08,300.5054166666667,62.333333333333336,0.0950861518825782,High,Low,Low,March,37,Low,0.642202708169727,0.5770392749244714,1.3143281349767766
2017-03-09,304.12333333333333,47.875,0.33567326100829614,High,Low,High,March,68,High,0.9004961804811876,0.4023162134944613,1.638485654983945
2017-03-10,292.7083333333333,70.95833333333333,0.18889597957881304,Medium,Medium,Medium,March,46,Medium,0.08554651245805846,0.6812688821752266,0.9557113742120981
2017-03-11,290.37666666666667,61.208333333333336,0.037013401403956606,Medium,Low,Low,March,26,Low,0.07847266842769225,0.5634441087613294,0.6789301785929783
2017-03-13,291.27872414166666,84.875,0.18761965539246972,Medium,High,Medium,March,36,Low,0.014072191880252513,0.8494461228600203,1.0511379701327426
2017-03-14,291.37833333333333,82.75,0.15315890236119978,Medium,High,Medium,March,38,Medium,0.006960805311631654,0.8237663645518633,0.9838860722246947
2017-03-15,292.56336157916667,79.54166666666667,0.2693044033184429,Medium,High,Medium,March,40,Medium,0.07519656213560207,0.7849949647532731,1.1294959302073182
2017-03-16,291.5458333333333,75.45833333333333,0.24696873005743464,Medium,High,Medium,March,46,Medium,0.0025522952809314712,0.7356495468277946,0.9851705721661607
2017-03-17,290.5754166666666,83.20833333333333,0.2208040842373963,Medium,High,Medium,March,45,Medium,0.06428333452321873,0.8293051359516618,1.1143925547122768
2017-03-18,290.15333333333336,81.625,0.20165922144224638,Medium,High,Medium,March,57,High,0.09441707717569679,0.8101711983887212,1.1062474970066642
2017-03-19,290.30125000000004,81.66666666666667,0.29100191448627954,Medium,High,Medium,March,41,Medium,0.08385688108326633,0.8106747230614303,1.1855335186309761
2017-03-20,289.13375,73.45833333333333,0.29036375239310785,Low,Medium,Medium,March,59,High,0.16720806263534838,0.7114803625377644,1.1690521775662206
2017-03-21,288.47391666666664,77.375,0.31844288449266117,Low,High,High,March,51,Medium,0.21431546131696316,0.758811681772407,1.2915700275820312
2017-03-22,288.4083333333333,84.20833333333333,0.2801531589023612,Low,High,Medium,March,59,High,0.21899764403512806,0.8413897280966769,1.340540531034166
2017-03-23,287.68541666666664,58.833333333333336,0.6847479259731973,Low,Low,High,March,50,Medium,0.2706087432474262,0.5347432024169185,1.4900998716375422
2017-03-24,287.5754166666666,68.45833333333333,0.4607530312699426,Low,Medium,High,March,74,High,0.2784619594964455,0.6510574018126889,1.390272392579077
2017-03-25,288.4325,74.66666666666667,0.49776643267389925,Low,High,High,March,26,Low,0.21727231622284124,0.7260825780463245,1.441121326943065
2017-03-26,288.1433333333333,77.125,0.2814294830887046,Low,High,Medium,March,40,Medium,0.23791675590776212,0.7557905337361531,1.27513677273262
2017-03-27,288.6779166666667,70.54166666666667,0.6790044671346523,Low,Medium,High,March,48,Medium,0.1997513148187791,0.6762336354481371,1.5549894174015684
2017-03-28,290.11375,40.708333333333336,0.9285258455647735,Medium,Low,High,March,67,High,0.09724304514409705,0.3157099697885197,1.3414788604973902
2017-03-29,291.75125,58.458333333333336,0.23739629865985967,Medium,Low,Medium,March,69,High,0.01721758168535317,0.5302114803625378,0.7848253607077507
2017-03-30,291.5229166666667,66.20833333333333,0.3497128270580728,Medium,Medium,High,March,57,High,0.0009162085623895064,0.6238670694864048,0.974496105106867
2017-03-31,289.7404166666667,33.041666666666664,0.7932354818123806,Medium,Low,High,March,52,Medium,0.12389638514076132,0.22306143001007048,1.1401932969632123
2017-04-01,284.265,73.79166666666667,0.2201659221442247,Low,High,Medium,April,26,Low,0.51480212274815,0.7155085599194362,1.450476604811811
2017-04-02,287.3329166666667,88.5,0.12252712188895981,Low,High,Low,April,35,Low,0.2957747316817777,0.8932527693857001,1.3115546229564377
2017-04-03,288.51,55.04166666666666,0.1882578174856414,Low,Low,Medium,April,72,High,0.21173936841103386,0.4889224572004028,0.888919643097078
2017-04-04,289.30958333333336,72.375,0.2552648372686662,Low,Medium,Medium,April,33,Low,0.1546548154494168,0.6983887210473314,1.1083083737654145
2017-04-05,294.58708333333334,77.95833333333333,0.4365028717294193,High,High,High,April,49,Medium,0.2196758763475435,0.7658610271903323,1.422039775267295
2017-04-06,293.12916666666666,84.625,0.29802169751116786,Medium,High,Medium,April,47,Medium,0.11559101401680384,0.8464249748237666,1.2600376863517384
2017-04-07,296.4375,77.79166666666667,0.410338225909381,High,High,High,April,72,High,0.35178244211227916,0.7638469284994966,1.525967596521157
2017-04-08,299.37416666666667,63.458333333333336,0.15762603701340144,High,Low,Medium,April,37,Low,0.5614395183360711,0.5906344410876134,1.309699996437086
2017-04-09,298.15416666666664,73.375,0.29674537332482454,High,Medium,Medium,April,11,Low,0.474340210846957,0.7104733131923465,1.481558897364128
2017-04-10,291.8129166666667,67.45833333333333,0.16847479259731973,Medium,Medium,Medium,April,46,Medium,0.021620142309802883,0.6389728096676738,0.8290677445747964
2017-04-11,290.32916666666665,65.20833333333333,0.07147415443522655,Medium,Medium,Low,April,40,Medium,0.08186382998976931,0.6117824773413898,0.7651204617663856
2017-04-13,288.33586057916665,74.75,0.43714103382259095,Low,High,High,April,57,High,0.22417168231360693,0.7270896273917423,1.3884023435279402
2017-04-14,288.2241666666667,63.41666666666666,0.620293554562859,Low,Low,High,April,82,High,0.23214583184598064,0.5901309164149043,1.4425703028237438
2017-04-15,289.4116666666667,56.16666666666666,0.414167198468411,Low,Low,High,April,34,Low,0.14736679279407838,0.5025176233635448,1.0640516146260341
2017-04-16,290.845,61.25,0.2635609444798979,Medium,Low,Medium,April,17,Low,0.0450370053068698,0.5639476334340383,0.872545583220806
2017-04-17,290.4275,62.75,0.38800255264837274,Medium,Low,High,April,52,Medium,0.07484353061564515,0.582074521651561,1.044920604915579
2017-04-18,291.47083333333336,83.45833333333333,0.48819400127632423,Medium,High,High,April,58,High,0.0003569643749550532,0.8323262839879155,1.3208772496391947
2017-04-19,291.33125,82.125,0.44479897894065096,Medium,High,High,April,73,High,0.010322219842460435,0.8162134944612288,1.2713346932443401
2017-04-20,291.4008333333333,69.0,0.46330567964262925,Medium,Medium,High,April,51,Medium,0.0053544656243339145,0.6576032225579054,1.1262633678248686
2017-04-21,293.5,56.375,0.3363114231014678,Medium,Low,High,April,51,Medium,0.14206587182599464,0.5050352467270897,0.983412541654552
2017-04-22,296.1254166666667,50.875,0.31525207402680283,High,Low,High,April,43,Medium,0.3295019157088163,0.4385699899295066,1.0833239796651257
2017-04-23,293.77625,63.875,0.4307594128908743,Medium,Medium,High,April,33,Low,0.1617881535422796,0.595669687814703,1.1882172542478568
2017-04-24,290.81166666666667,68.375,0.3439693682195278,Medium,Medium,High,April,47,Medium,0.04741676780657421,0.6500503524672709,1.041436488493373
2017-04-25,290.86583333333334,55.29166666666666,0.570516911295469,Medium,Low,High,April,53,Medium,0.043549653744557076,0.49194360523665653,1.1060101702766825
2017-04-26,292.15125,57.875,0.5947670708359925,Medium,Low,High,April,71,High,0.045774731681781776,0.5231621349446124,1.1637039374623865
2017-04-27,291.47583333333336,72.625,0.44862795149968093,Medium,Medium,High,April,45,Medium,0.0,0.7014098690835852,1.150037820583266
2017-04-28,294.53541666666666,25.95833333333333,0.8998085513720485,High,Low,High,April,66,High,0.21598724447300385,0.1374622356495468,1.2532580314945991
2017-04-29,296.08916666666664,14.583333333333334,0.5947670708359925,High,Low,High,April,42,Medium,0.3269139239903861,0.0,0.9216809948263786
2017-04-30,293.8695833333333,35.0,0.43969368219527766,Medium,Low,High,April,31,Low,0.16845148854144465,0.24672708962739176,0.854872260364114
2017-05-01,286.6304166666667,94.04166666666669,0.19081046585832806,Low,High,Medium,May,56,Medium,0.34592822636300735,0.9602215508559924,1.4969602430773277
2017-05-02,286.0325,84.0,0.1416719846841098,Low,High,Low,May,44,Medium,0.388615216201421,0.8388721047331321,1.3691593056186628
2017-05-03,286.53125,77.875,0.25143586470963625,Low,High,Medium,May,44,Medium,0.353008019799624,0.7648539778449145,1.3692978623541747
2017-05-04,291.8775,71.5,0.31844288449266117,Medium,Medium,High,May,34,Low,0.02623093215297435,0.6878147029204432,1.0324885195660787
2017-05-05,291.18666666666667,81.04166666666667,0.3050414805360562,Medium,High,High,May,51,Medium,0.02064443968492087,0.8031218529707959,1.128807773191773
2017-05-06,292.5495833333334,80.45833333333333,0.3209955328653478,Medium,High,High,May,43,Medium,0.07421289355322942,0.7960725075528702,1.1912809339714474
2017-05-07,296.845,70.95833333333333,0.412252712188896,High,Medium,High,May,43,Medium,0.38087503867114436,0.6812688821752266,1.474396633035267
2017-05-08,297.37833333333333,70.04166666666667,0.1378430121250798,High,Medium,Low,May,44,Medium,0.4189512386663825,0.6701913393756296,1.2269855901670919
2017-05-09,297.1458333333333,74.20833333333333,0.219527760051053,High,High,Medium,May,40,Medium,0.40235239523095634,0.7205438066465257,1.3424239619285352
2017-05-10,293.1070833333333,54.04166666666666,0.08998085513720486,Medium,Low,Low,May,23,Low,0.11401442136075032,0.47683786505538767,0.6808331415533428
2017-05-11,290.82875,77.04166666666667,0.12061263560944481,Medium,High,Low,May,40,Medium,0.04619713952547575,0.7547834843907353,0.9215932595256559
2017-05-13,290.7241666666667,62.958333333333336,0.5666879387364391,Medium,Low,High,May,27,Low,0.0536636443682917,0.5845921450151058,1.2049437281198365
2017-05-14,290.1204166666667,63.333333333333336,0.414167198468411,Medium,Low,High,May,28,Low,0.09676709264415292,0.5891238670694865,1.1000581581820503
2017-05-15,288.61125,66.33333333333333,0.46585832801531596,Low,Medium,High,May,43,Medium,0.20451083981818793,0.6253776435045317,1.2957468113380355
2017-05-16,288.2320833333333,64.25,0.5283982131461391,Low,Medium,High,May,18,Low,0.23158063825230382,0.6002014098690837,1.3601802612675267
2017-05-17,288.72208333333333,67.375,0.3318442884492661,Low,Medium,High,May,52,Medium,0.19659812950667616,0.6379657603222558,1.166408178278198
2017-05-18,289.74875000000003,70.25,0.49202297383535426,Medium,Medium,High,May,57,High,0.12330144451583623,0.6727089627391744,1.2880333810903648
2017-05-19,293.27208333333334,63.375,0.30567964262922787,Medium,Low,High,May,77,High,0.12579424573427925,0.5896273917421955,1.0211012801057027
2017-05-20,296.16291666666666,43.91666666666666,0.507977026164646,High,Low,High,May,28,Low,0.3321791485209792,0.3544813695871097,1.194637544272735
2017-05-21,296.7891666666667,57.833333333333336,0.30950861518825784,High,Low,High,May,37,Low,0.37688893648414223,0.5226586102719034,1.2090561619443037
2017-05-22,294.58,74.875,0.3567326100829611,High,High,High,May,41,Medium,0.21917017681635512,0.7286002014098691,1.3045029883091854
2017-05-23,294.32166666666666,79.41666666666667,0.43458838544990436,High,High,High,May,54,Medium,0.20072701744366114,0.7834843907351463,1.4187997936287118
2017-05-24,292.72125,78.33333333333333,0.45628589661774094,Medium,High,High,May,51,Medium,0.08646867042669437,0.770392749244713,1.3131473162891483
2017-05-25,290.30583333333334,70.33333333333333,0.44288449266113594,Medium,Medium,High,May,19,Low,0.08352966373955956,0.6737160120845922,1.2001301684852876
2017-05-26,290.7604166666667,65.95833333333333,0.48947032546266755,Medium,Medium,High,May,13,Low,0.051075652649865536,0.620845921450151,1.1613918995626842
2017-05-27,290.6879166666667,67.41666666666667,0.5749840459476708,Medium,Medium,High,May,8,Low,0.05625163608671786,0.6384692849949649,1.2697049670293536
2017-05-28,291.715,71.75,0.45245692405871096,Medium,Medium,High,May,3,Low,0.014629589966922946,0.690835850956697,1.157922364982331
2017-05-29,291.89125,77.08333333333333,0.32035737077217613,Medium,High,High,May,4,Low,0.027212584184102776,0.7552870090634441,1.1028569640197232
2017-05-30,291.3958333333333,77.25,0.31716656030631785,Medium,High,High,May,20,Low,0.005711429999288968,0.7573011077542801,1.0801790980598867
2017-05-31,290.8270833333333,80.125,0.31716656030631785,Medium,High,High,May,19,Low,0.046316127650464826,0.7920443101711986,1.1555269981279812
2017-06-01,286.27458333333334,82.29166666666667,0.13465220165922148,Low,High,Low,June,56,Medium,0.37133219104733295,0.8182275931520647,1.3242119858586192
2017-06-02,285.83375,91.25,0.2763241863433312,Low,High,Medium,June,35,Low,0.40280455010589855,0.9264853977844917,1.6056141342337213
2017-06-03,283.99375,45.91666666666666,0.585832801531589,Low,Low,High,June,44,Medium,0.5341674400894799,0.3786505538771399,1.4986507954982087
2017-06-04,291.29211385,79.625,0.2693044033184429,Medium,High,Medium,June,35,Low,0.013116262107041723,0.7860020140986911,1.0684226795241758
2017-06-05,289.71791666666667,73.66666666666667,0.4052329291640077,Medium,High,High,June,50,Medium,0.12550272482806313,0.7139979859013094,1.2447336398933802
2017-06-06,292.1475,79.75,0.24824505424377794,Medium,High,Medium,June,45,Medium,0.04550700840056346,0.7875125881168179,1.0812646507611594
2017-06-07,297.43083333333334,70.66666666666667,0.3158902361199745,High,Medium,High,June,78,High,0.4226993646034146,0.677744209466264,1.416333810189653
2017-06-08,296.63375,73.625,0.17421825143586472,High,High,Medium,June,56,Medium,0.36579329382927916,0.7134944612286003,1.2535060064937442
2017-06-09,298.04625,66.75,0.1193363114231015,High,Medium,Low,June,58,High,0.466635729754171,0.6304128902316214,1.216384931408894
2017-06-10,294.78833333333336,53.29166666666666,0.13592852584556478,High,Low,Low,June,42,Medium,0.23404369243949857,0.4677744209466263,0.8377466392316897
2017-06-11,290.22666666666663,68.45833333333333,0.1340140395660498,Medium,Medium,Low,June,40,Medium,0.08918159967635601,0.6510574018126889,0.8742530410550947
2017-06-13,292.26666666666665,66.66666666666667,0.440970006381621,Medium,Medium,High,June,28,Low,0.054014659337000344,0.6294058408862035,1.124390506604825
2017-06-14,294.6095833333333,62.16666666666666,0.3407785577536695,High,Low,High,June,41,Medium,0.22128221603484122,0.5750251762336354,1.1370859500221462
2017-06-15,295.9270833333333,66.91666666666667,0.30887045309508615,High,Medium,High,June,32,Low,0.31534232883558294,0.6324269889224573,1.2566397708531265
2017-06-16,296.7325,68.5,0.3126994256541162,High,Medium,High,June,59,High,0.37284334023464755,0.6515609264853979,1.3371036923741617
2017-06-17,296.9195833333333,73.79166666666667,0.3841735800893427,High,High,High,June,28,Low,0.38619975726422595,0.7155085599194362,1.4858818972730048
2017-06-18,296.4266666666667,74.58333333333333,0.3656668793873644,High,High,High,June,33,Low,0.35100901929987655,0.7250755287009064,1.4417514273881473
2017-06-19,296.50125,79.54166666666667,0.37268666241225273,High,High,High,June,51,Medium,0.35633373789296213,0.7849949647532731,1.514015365058488
2017-06-20,296.9525,85.20833333333333,0.39119336311423103,High,High,High,June,47,Medium,0.3885497727326821,0.853474320241692,1.6332174560886052
2017-06-21,297.326,79.125,0.35800893426930447,High,High,High,June,58,High,0.41521501154185136,0.7799597180261835,1.5531836638373393
2017-06-22,295.2054166666667,82.125,0.3082322910019145,High,High,High,June,55,Medium,0.26382047071702563,0.8162134944612288,1.3882662561801689
2017-06-23,294.3433333333333,80.91666666666667,0.3790682833439694,High,High,High,June,41,Medium,0.20227386306846637,0.8016112789526689,1.3829534253651048
2017-06-24,294.10083333333336,83.95833333333333,0.4684109763880026,Medium,High,High,June,33,Low,0.18496109088313412,0.8383685800604231,1.4917406473315598
2017-06-25,296.81041666666664,75.83333333333333,0.4039566049776644,High,High,High,June,25,Low,0.37840603507769915,0.7401812688821753,1.522543908937539
2017-06-26,298.85125,63.833333333333336,0.3586470963624761,High,Medium,High,June,59,High,0.5241069941219874,0.5951661631419941,1.4779202536264575
2017-06-27,298.3316038291667,55.208333333333336,0.30567964262922787,High,Low,High,June,64,High,0.4870079600080936,0.49093655589123875,1.2836241585285602
2017-06-28,295.08458333333334,70.0,0.37523931078493944,High,Medium,High,June,54,Medium,0.2551938316556037,0.6696878147029205,1.3001209571434638
2017-06-29,293.6095833333333,73.0,0.3267389917038928,Medium,Medium,High,June,52,Medium,0.14988934104376564,0.7059415911379658,1.1825699238856242
2017-06-30,293.4108333333333,74.83333333333333,0.31652839821314616,Medium,High,High,June,51,Medium,0.13570000713928806,0.7280966767371602,1.1803250820895943
2017-07-01,286.22666666666663,71.16666666666667,0.31652839821314616,Low,Medium,High,July,34,Low,0.37475309964065834,0.6837865055387715,1.375068003392576
2017-07-02,288.0933333333333,92.41666666666669,0.1378430121250798,Low,High,Low,July,25,Low,0.2414863996573167,0.9405840886203428,1.3199135004027394
2017-07-03,286.50375,44.41666666666666,0.25909380982769625,Low,Low,Medium,July,42,Medium,0.3549713238618768,0.36052366565961724,0.9745887993491903
2017-07-04,289.81370028333333,77.08333333333333,0.37396298659859606,Medium,High,High,July,30,Low,0.11866445705718678,0.7552870090634441,1.247914452719227
2017-07-05,286.1033333333333,67.79166666666667,0.9751116783663052,Low,Medium,High,July,50,Medium,0.38355822088955777,0.6430010070493456,2.0016709063052085
2017-07-06,291.73875,83.375,0.2565411614550096,Medium,High,Medium,July,42,Medium,0.016325170747961477,0.8313192346424977,1.1041855668454688
2017-07-07,299.49,67.625,0.2878111040204212,High,Medium,Medium,July,45,Medium,0.569709193022538,0.6409869083585097,1.4985072054014688
2017-07-08,296.3545833333333,73.66666666666667,0.16336949585194643,High,High,Medium,July,27,Low,0.3458627828942684,0.7139979859013094,1.2232302646475242
2017-07-09,296.8983333333333,67.75,0.13337587747287813,High,Medium,Low,July,39,Medium,0.3846826586706649,0.6424974823766365,1.1605560185201795
2017-07-10,297.0825,28.70833333333333,0.04913848117421826,High,Low,Low,July,42,Medium,0.39783084648152156,0.17069486404833834,0.6176641917040782
2017-07-11,291.16333333333336,66.95833333333333,0.059987236758136574,Medium,Medium,Low,July,45,Medium,0.022310273434711116,0.6329305135951662,0.7152280237880139
2017-07-13,296.835,77.66666666666667,0.34205488194001277,High,High,High,July,30,Low,0.3801611099212302,0.7623363544813697,1.4845523463426127
2017-07-14,296.6245833333333,78.54166666666667,0.410338225909381,High,High,High,July,31,Low,0.3651388591418575,0.772910372608258,1.5483874576594965
2017-07-15,297.3675,77.625,0.39310784939374604,High,High,High,July,18,Low,0.4181778158539799,0.7618328298086607,1.5731184950563868
2017-07-16,297.44375,73.25,0.33567326100829614,High,Medium,High,July,24,Low,0.42362152257205055,0.7089627391742196,1.4682575227545662
2017-07-17,297.1816666666667,72.125,0.16719846841097644,High,Medium,Medium,July,36,Low,0.40491063991813825,0.6953675730110777,1.2674766813401923
2017-07-18,296.77375,72.375,0.2724952137843012,High,Medium,Medium,July,57,High,0.3757882963280288,0.6983887210473314,1.3466722311596615
2017-07-19,297.2275,71.41666666666667,0.24505424377791962,High,Medium,Medium,July,45,Medium,0.4081828133552303,0.6868076535750253,1.3400447107081752
2017-07-20,297.5733333333333,70.29166666666667,0.13911933631142312,High,Medium,Low,July,34,Low,0.43287284928964176,0.6732124874118833,1.2452046730129482
2017-07-21,296.7091666666667,68.04166666666667,0.06636885768985325,High,Medium,Low,July,32,Low,0.3711775064848573,0.6460221550855993,1.08356851926031
2017-07-22,297.0308333333333,71.125,0.14677728142948313,High,Medium,Low,July,30,Low,0.39414221460698196,0.6832829808660625,1.2242024769025277
2017-07-23,297.05875,72.375,0.1735800893426931,High,Medium,Medium,July,30,Low,0.3961352657004831,0.6983887210473314,1.2681040760905076
2017-07-24,296.1175,70.375,0.15890236119974477,High,Medium,Medium,July,40,Medium,0.3289367221151354,0.6742195367573012,1.1620586200721814
2017-07-25,296.0720833333333,73.125,0.14932992980216978,High,Medium,Low,July,40,Medium,0.3256942957092876,0.7074521651560928,1.1824763906675502
2017-07-26,296.34125,71.79166666666667,0.3261008296107211,High,Medium,High,July,33,Low,0.3449108778943883,0.691339375629406,1.3623510831345154
2017-07-27,296.7754166666667,70.54166666666667,0.13082322910019148,High,Medium,Low,July,33,Low,0.3759072844530138,0.6762336354481371,1.1829641490013425
2017-07-28,296.59375,73.79166666666667,0.1640076579451181,High,High,Medium,July,27,Low,0.3629375788296347,0.7155085599194362,1.2424537966941889
2017-07-29,295.85375,71.375,0.11614550095724317,High,Medium,Low,July,23,Low,0.3101068513362381,0.6863041289023163,1.1125564811957975
2017-07-30,296.3229166666667,73.16666666666667,0.2948308870453096,High,Medium,Medium,July,24,Low,0.3436020085195531,0.7079556898288017,1.3463885853936643
2017-07-31,295.60625,80.25,0.219527760051053,High,High,Medium,July,16,Low,0.29243711477594675,0.7935548841893255,1.3055197590163254
2017-08-01,288.93875,52.583333333333336,0.14103382259093813,Low,Low,Low,August,31,Low,0.1811296732586076,0.4592145015105741,0.7813779973601198
2017-08-02,289.6333333333333,90.75,0.11805998723675816,Medium,High,Low,August,26,Low,0.13154137217105885,0.9204431017119841,1.170044461119801
2017-08-03,290.2629166666667,47.0,0.2380344607530313,Medium,Low,Medium,August,32,Low,0.0865936079579258,0.39174219536757304,0.7163702640785302
2017-08-04,289.0995833333333,75.95833333333333,0.5239310784939376,Low,High,High,August,33,Low,0.16964731919754528,0.7416918429003022,1.4352702405917852
2017-08-05,286.84583333333336,73.625,0.2724952137843012,Low,High,Medium,August,31,Low,0.3305490112086796,0.7134944612286003,1.316538686221581
2017-08-06,291.6175,84.66666666666667,0.41927249521378435,Medium,High,High,August,25,Low,0.007668784655295351,0.8469284994964756,1.2738697793655553
2017-08-07,301.12208333333336,53.208333333333336,0.1940012763241864,High,Low,Medium,August,46,Medium,0.6862283144142242,0.4667673716012085,1.346996962339619
2017-08-08,297.26375,70.41666666666667,0.1895341416719847,High,Medium,Medium,August,37,Low,0.4107708050736565,0.6747230614300103,1.2750280081756515
2017-08-09,296.5225,69.16666666666667,0.1282705807275048,High,Medium,Low,August,49,Medium,0.3578508364865191,0.6596173212487413,1.1457387384627653
2017-08-10,294.93458333333336,63.79166666666666,0.12188895979578816,High,Medium,Low,August,41,Medium,0.244484900406944,0.5946626384692849,0.9610364986720171
2017-08-11,291.3076210875,65.0,0.0689215060625399,Medium,Medium,Low,August,33,Low,0.012009155838747078,0.609264853977845,0.690195515879132
2017-08-13,295.89833333333337,74.16666666666667,0.15954052329291643,High,High,Medium,August,36,Low,0.3132897836795934,0.7200402819738169,1.1928705889463267
2017-08-14,295.40208333333334,74.79166666666667,0.2437779195915763,High,High,Medium,August,32,Low,0.2778610694652699,0.7275931520644513,1.2492321411212974
2017-08-15,294.0233333333333,75.66666666666667,0.31525207402680283,Medium,High,High,August,36,Low,0.17942814307132268,0.7381671701913395,1.232847387289465
2017-08-16,292.95525000000004,68.29166666666667,0.1735800893426931,Medium,Medium,Medium,August,52,Medium,0.10317460317460872,0.6490433031218531,0.9257979956391549
2017-08-17,294.75625,70.41666666666667,0.07275047862156989,High,Medium,Low,August,50,Medium,0.23175317103353496,0.6747230614300103,0.9792267110851152
2017-08-18,295.20375,72.79166666666667,0.17932354818123808,High,Medium,Medium,August,60,High,0.2637014825920406,0.7034239677744211,1.1464489985476998
2017-08-19,295.0745833333333,72.20833333333333,0.14039566049776647,High,Medium,Low,August,26,Low,0.25447990290568956,0.6963746223564955,1.0912501857599515
2017-08-20,294.86,68.79166666666667,0.08296107211231653,High,Medium,Low,August,36,Low,0.2391601818138584,0.6550855991943607,0.9772068531205356
2017-08-21,294.93375,69.91666666666667,0.2616464582003829,High,Medium,Medium,August,37,Low,0.24442540634444745,0.6686807653575026,1.174752629902333
2017-08-22,295.59541666666667,71.70833333333333,0.2029355456285897,High,Medium,Medium,August,32,Low,0.29166369196354414,0.690332326283988,1.184931563876122
2017-08-23,295.3929166666667,75.91666666666667,0.2086790044671347,High,High,Medium,August,36,Low,0.2772066347778523,0.7411883182275933,1.2270739574725804
2017-08-24,294.31458333333336,72.875,0.1940012763241864,High,Medium,Medium,August,41,Medium,0.20022131791247685,0.7044310171198389,1.0986536113565022
2017-08-25,294.3895833333333,78.875,0.22973835354179967,High,High,Medium,August,50,Medium,0.20557578353680264,0.7769385699899297,1.212252707068532
2017-08-26,296.06,76.75,0.20740268028079137,High,High,Medium,August,34,Low,0.3248316318031483,0.7512588116817726,1.2834931237657121
2017-08-27,297.0725,85.04166666666667,0.3477983407785578,High,High,High,August,26,Low,0.39711691773161145,0.8514602215508562,1.5963754800610255
2017-08-28,298.2895833333333,79.79166666666667,0.21250797702616467,High,High,Medium,August,42,Medium,0.48400799600199984,0.788016112789527,1.4845320858176916
2017-08-29,300.49333333333334,63.208333333333336,0.09444798978940654,High,Low,Low,August,38,Medium,0.6413400442635836,0.5876132930513596,1.3234013271043497
2017-08-30,301.135,56.79166666666666,0.11614550095724317,High,Low,Low,August,50,Medium,0.687150472382856,0.5100704934541792,1.3133664667942784
2017-08-31,302.2933333333333,49.91666666666666,0.2546266751754946,High,Low,Medium,August,42,Medium,0.7698472192475164,0.4269889224572003,1.4514628168802113
2017-09-01,288.5570833333333,70.54166666666667,0.16273133375877474,Low,Medium,Medium,September,77,High,0.20837795388020508,0.6762336354481371,1.047342923087117
2017-09-02,289.68583333333333,93.5,0.231014677728143,Medium,High,Medium,September,21,Low,0.12779324623402674,0.9536757301107757,1.3124836540729454
2017-09-03,291.9820833333333,53.208333333333336,0.20740268028079137,Medium,Low,Medium,September,15,Low,0.0336974369957903,0.4667673716012085,0.7078674888777902
2017-09-04,287.64958333333334,58.54166666666666,0.5315890236119976,Low,Low,High,September,35,Low,0.27316698793460403,0.5312185297079557,1.3359745412545574
2017-09-05,289.87666666666667,72.95833333333333,0.42437779195915765,Medium,Medium,High,September,56,Medium,0.11416910592323004,0.7054380664652569,1.2439849643476446
2017-09-06,291.76958333333334,72.91666666666667,0.4109763880025527,Medium,Medium,High,September,50,Medium,0.018526451060188364,0.704934541792548,1.134437380855289
2017-09-07,300.37,62.5,0.44352265475430763,High,Low,High,September,66,High,0.6325349230146842,0.5790533736153072,1.655110951384299
2017-09-08,296.95708333333334,70.29166666666667,0.1269942565411615,High,Medium,Low,September,46,Medium,0.3888769900763929,0.6732124874118833,1.1890837340294378
2017-09-09,295.47041666666667,69.16666666666667,0.1269942565411615,High,Medium,Low,September,20,Low,0.2827395825896597,0.6596173212487413,1.0693511603795625
2017-09-10,293.94666666666666,65.08695652173913,0.2399489470325463,Medium,Medium,Medium,September,30,Low,0.1739546893220078,0.6103156880774114,1.0242193244319655
2017-09-11,291.25901232916664,77.79166666666667,0.13592852584556478,Medium,High,Low,September,34,Low,0.015479474845913976,0.7638469284994966,0.9152549291909754
2017-09-13,295.14166666666665,74.0,0.1882578174856414,High,High,Medium,September,55,Medium,0.2592691749363426,0.718026183282981,1.1655531757049649
2017-09-14,293.3925,67.41666666666667,0.2361199744735163,Medium,Medium,Medium,September,34,Low,0.13439113776445288,0.6384692849949649,1.008980397232934
2017-09-15,293.6191666666667,67.625,0.11997447351627316,Medium,Medium,Low,September,44,Medium,0.15057352276243152,0.6409869083585097,0.9115349046372144
2017-09-16,293.7391666666667,70.29166666666667,0.12763241863433314,Medium,Medium,Low,September,16,Low,0.1591406677613609,0.6732124874118833,0.9599855738075774
2017-09-17,293.645,70.95833333333333,0.07466496490108489,Medium,Medium,Low,September,18,Low,0.1524178386996993,0.6812688821752266,0.9083516857760108
2017-09-18,293.12208333333336,74.08333333333333,0.14996809189534147,Medium,High,Low,September,51,Medium,0.11508531448561954,0.7190332326283988,0.9840866390093598
2017-09-19,294.0516666666667,72.79166666666667,0.2546266751754946,Medium,Medium,Medium,September,39,Medium,0.18145094119607202,0.7034239677744211,1.1395015841459877
2017-09-20,293.73791666666665,70.41666666666667,0.1678366305041481,Medium,Medium,Medium,September,39,Medium,0.15905142666762012,0.6747230614300103,1.0016111186017784
2017-09-21,293.5130203333333,71.70833333333333,0.4862795149968092,Medium,Medium,High,September,42,Medium,0.14299543085600216,0.690332326283988,1.3196072721367995
2017-09-22,291.0154166666667,60.79166666666666,0.1506062539885131,Medium,Low,Low,September,65,High,0.03287046952714159,0.5584088620342397,0.7418855855498944
2017-09-23,291.07916666666665,61.79166666666666,0.11805998723675816,Medium,Low,Low,September,31,Low,0.02831917374646263,0.5704934541792548,0.7168726151624756
2017-09-24,292.7008333333333,57.083333333333336,0.08615188257817487,Medium,Low,Low,September,14,Low,0.08501106589562588,0.513595166163142,0.6847581146369428
2017-09-25,295.2183333333333,29.5,0.20229738353541804,High,Low,Medium,September,43,Medium,0.2647426286856575,0.18026183282980868,0.6473018450508843
2017-09-26,295.27625,32.5,0.17868538608806642,High,Low,Medium,September,56,Medium,0.26887746602889295,0.216515609264854,0.6640784613818134
2017-09-27,294.71625,66.45833333333333,0.1193363114231015,High,Medium,Low,September,40,Medium,0.22889745603389047,0.6268882175226587,0.9751219849796506
2017-09-28,295.4862152,66.75,0.1882578174856414,High,Medium,Medium,September,50,Medium,0.2838674853049691,0.6304128902316214,1.102538193022232
2017-09-29,296.35291666666666,60.625,0.08104658583280154,High,Low,Low,September,46,Medium,0.3457437947692834,0.5563947633434039,0.9831851439454888
2017-09-30,295.09041666666667,71.66666666666667,0.1735800893426931,High,Medium,Medium,September,18,Low,0.2556102900930513,0.6898288016112791,1.1190191810470236
2017-10-01,285.73625,90.83333333333331,0.12635609444798981,Low,High,Low,October,19,Low,0.40976535541753023,0.9214501510574018,1.4575716009229218
2017-10-02,288.79791666666665,90.33333333333331,0.15252074026802812,Low,High,Medium,October,56,Medium,0.19118416981985378,0.9154078549848943,1.2591127650727763
2017-10-03,291.99291666666664,55.5,0.15890236119974477,Medium,Low,Medium,October,58,High,0.034470859808192915,0.4944612286002015,0.6878344496081391
2017-10-04,289.3691666666667,56.66666666666666,0.32418634333120616,Low,Low,High,October,43,Medium,0.1504009899812004,0.5085599194360523,0.9831472527484588
2017-10-05,289.995,71.45833333333333,0.3139757498404595,Medium,Medium,High,October,58,High,0.10572094904928565,0.6873111782477341,1.1070078771374794
2017-10-06,292.0470833333333,76.95833333333333,0.3433312061263561,Medium,High,High,October,51,Medium,0.038337973870210054,0.7537764350453172,1.1354456150418835
2017-10-07,299.5641404583333,68.375,0.30376515634971285,High,Medium,High,October,27,Low,0.5750022934961095,0.6500503524672709,1.5288178023130934
2017-10-08,297.08750000000003,71.66666666666667,0.11614550095724317,High,Medium,Low,October,26,Low,0.3981878108564807,0.6898288016112791,1.204162113425003
2017-10-09,297.1045833333333,67.54166666666667,0.15379706445437144,High,Medium,Medium,October,36,Low,0.3994074391375751,0.6399798590130917,1.1931843626050382
2017-10-10,294.5720833333333,60.208333333333336,0.11423101467772817,High,Low,Low,October,39,Medium,0.21860498322267424,0.5513595166163143,0.8841955145167166
2017-10-11,290.09625,76.29166666666667,0.1486917677089981,Medium,High,Low,October,42,Medium,0.09849242045643974,0.745720040281974,0.9929042284474119
2017-10-13,291.7420833333333,77.25,0.07019783024888324,Medium,High,Low,October,47,Medium,0.016563146997931513,0.7573011077542801,0.8440620850010948
2017-10-14,292.92425,68.66666666666667,0.029355456285896628,Medium,Medium,Low,October,29,Low,0.10096142404988089,0.6535750251762338,0.7838919055120113
2017-10-15,296.30625,54.54166666666666,0.1416719846841098,High,Low,Low,October,26,Low,0.34241212726969883,0.4828801611278952,0.9669642730817039
2017-10-16,297.57666666666665,24.875,0.053605615826419914,High,Low,Low,October,58,High,0.43311082553961183,0.1243705941591138,0.6110870355251455
2017-10-17,297.6720833333333,28.20833333333333,0.10402042118698153,High,Low,Low,October,59,High,0.43992289569501014,0.16465256797583078,0.7085958848578224
2017-10-18,297.2029166666667,48.583333333333336,0.04977664326738992,High,Low,Low,October,36,Low,0.4064277385116993,0.41087613293051367,0.8670805147096028
2017-10-19,294.2958333333333,70.91666666666667,0.16081684747925976,High,Medium,Medium,October,42,Medium,0.19888270150638931,0.6807653575025178,1.0404649064881668
2017-10-20,292.455,73.33333333333333,0.21186981493299303,Medium,Medium,Medium,October,71,High,0.06746031746031952,0.7099697885196375,0.9892999209129502
2017-10-21,291.65458333333333,55.0,0.11423101467772817,Medium,Low,Low,October,16,Low,0.010316270436214024,0.4884189325276939,0.6129662176416361
2017-10-22,294.63,35.958333333333336,0.05169112954690491,High,Low,Low,October,37,Low,0.2227398205659097,0.25830815709969795,0.5327391072125126
2017-10-23,299.035,30.043478260869566,0.14294830887045312,High,Low,Low,October,49,Medium,0.5372254349015997,0.18682954595209952,0.8670032897241523
2017-10-24,304.0458333333333,19.541666666666668,0.4058710912571794,High,Low,High,October,34,Low,0.8949632326693762,0.05991943605236658,1.3607537599789221
2017-10-25,303.2966666666667,22.791666666666668,0.05807275047862158,High,Low,Low,October,33,Low,0.841478070488566,0.09919436052366569,0.9987451814908533
2017-10-26,298.43625000000003,25.125,0.08104658583280154,High,Low,Low,October,49,Medium,0.49447895100069356,0.12739174219536759,0.7029172790288627
2017-10-27,295.45750000000004,37.91666666666666,0.05424377791959158,High,Low,Low,October,52,Medium,0.2818174246210278,0.28197381671701904,0.6180350192576385
2017-10-28,293.55916666666667,74.33333333333333,0.06062539885130824,Medium,High,Low,October,22,Low,0.14628995026296682,0.7220543806646526,0.9289697297789277
2017-10-29,291.7866666666667,87.91666666666667,0.29802169751116786,Medium,High,Medium,October,33,Low,0.019746079341286825,0.8862034239677747,1.2039712008202295
2017-10-30,291.56916666666666,76.0,0.2756860242501596,Medium,High,Medium,October,42,Medium,0.004218129030725778,0.7421953675730112,1.0220995208538965
2017-10-31,291.2733333333333,76.125,0.16336949585194643,Medium,High,Medium,October,49,Medium,0.014457057185695888,0.7437059415911381,0.9215324946287804
2017-11-01,287.225,88.375,0.20995532865347802,Low,High,Medium,November,51,Medium,0.3034792127745637,0.8917421953675733,1.4051767367956152
2017-11-02,288.1091666666667,90.33333333333331,0.22846202935545631,Low,High,Medium,November,62,High,0.24035601246995497,0.9154078549848943,1.3842258968103054
2017-11-03,291.3308333333333,65.45833333333333,0.18698149329929806,Medium,Medium,Medium,November,56,Medium,0.010351966873708719,0.6148036253776435,0.8121370855506503
2017-11-04,289.90291666666667,54.29166666666666,0.3133375877472878,Medium,Low,High,November,29,Low,0.11229504295471397,0.4798590130916414,0.9054916437936432
2017-11-05,290.90833333333336,72.75,0.46458200382897263,Medium,Medium,High,November,31,Low,0.04051545655743506,0.7029204431017121,1.2080179034881198
2017-11-06,291.0825,70.79166666666667,0.3401403956604978,Medium,Medium,High,November,75,High,0.028081197496492596,0.6792547834843908,1.047476376641381
2017-11-07,298.00625,75.625,0.3337587747287811,High,High,High,November,60,High,0.46378001475453057,0.7376636455186305,1.5352024350019422
2017-11-08,296.9504166666667,75.125,0.10402042118698153,High,High,Low,November,53,Medium,0.38840103757645283,0.731621349446123,1.2240428082095574
2017-11-09,298.6195833333333,63.41666666666666,0.2399489470325463,High,Low,Medium,November,56,Medium,0.5075676447490536,0.5901309164149043,1.3376475081965042
2017-11-10,292.9733333333333,70.875,0.10848755583918318,Medium,Medium,Low,November,59,High,0.10446562433069251,0.6802618328298088,0.8932150129996845
2017-11-11,288.83998829583334,74.79166666666667,0.09827696234843654,Low,High,Low,November,24,Low,0.18818055525808575,0.7275931520644513,1.0140506696709735
2017-11-13,288.88166666666666,75.91666666666667,0.01340140395660498,Low,High,Low,November,37,Low,0.18520501653935056,0.7411883182275933,0.9397947387235488
2017-11-14,289.8041666666667,66.25,0.06573069559668156,Medium,Medium,Low,November,45,Medium,0.11934508936008237,0.6243705941591139,0.8094463791158778
2017-11-15,291.12034090000003,59.375,0.1269942565411615,Medium,Low,Low,November,41,Medium,0.02537962685323932,0.541289023162135,0.6936629065565358
2017-11-16,292.15333333333336,55.708333333333336,0.0242501595405233,Medium,Low,Low,November,73,High,0.04592346683801508,0.4969788519637463,0.5671524783422847
2017-11-17,292.7320833333333,65.375,0.04977664326738992,Medium,Medium,Low,November,61,High,0.08724209323909698,0.6137965760322257,0.7508153125387127
2017-11-18,290.5025,74.5,0.13720485003190813,Medium,High,Low,November,19,Low,0.0694890649913153,0.7240684793554886,0.930762394378712
2017-11-19,290.4495833333333,36.16666666666666,0.07530312699425654,Medium,Low,Low,November,20,Low,0.0732669379595957,0.2608257804632426,0.40939584541709484
2017-11-20,288.97041666666667,48.875,0.08232291001914488,Low,Low,Low,November,60,High,0.17886889888389226,0.4144008056394764,0.6755926145425135
2017-11-21,292.1295833333333,46.41666666666666,0.17421825143586472,Medium,Low,Medium,November,73,High,0.04422788605697249,0.3846928499496475,0.6031389874424846
2017-11-22,295.52833333333336,30.375,0.06190172303765156,High,Low,Low,November,36,Low,0.28687441993289514,0.19083585095669692,0.5396119939272437
2017-11-23,296.7391666666667,26.291666666666668,0.08232291001914488,High,Low,Low,November,27,Low,0.37331929273458764,0.14149043303121855,0.5971326357849511
2017-11-24,294.18041666666664,47.91666666666666,0.03254626675175494,High,Low,Low,November,23,Low,0.19064277385117073,0.4028197381671701,0.6260087787700958
2017-11-25,293.02666666666664,55.833333333333336,0.028717294192724955,Medium,Low,Low,November,9,Low,0.10827324433021714,0.4984894259818732,0.6354799645048153
2017-11-26,290.4241666666667,86.66666666666667,0.07594128908742823,Medium,High,Low,November,34,Low,0.07508150686561518,0.8710976837865058,1.0221204797395491
2017-11-27,289.3645833333333,77.33333333333333,0.2878111040204212,Low,High,Medium,November,48,Medium,0.15072820732491124,0.7583081570996979,1.1968474684450303
2017-11-28,287.51279166666666,54.958333333333336,0.2010210593490747,Low,Low,Medium,November,50,Medium,0.28293293829275934,0.487915407854985,0.971869405496819
2017-11-29,289.2270833333333,58.458333333333336,0.04850031908104659,Low,Low,Low,November,37,Low,0.1605447276361833,0.5302114803625378,0.7392565270797677
2017-11-30,294.93,56.0,0.06062539885130824,High,Low,Low,November,33,Low,0.24415768306323318,0.500503524672709,0.8052866065872504
2017-12-01,285.7925,89.375,0.25335035098915126,Low,High,Medium,December,51,Medium,0.4057495061992798,0.9038267875125884,1.5629266447010195
2017-12-02,286.8775,75.75,0.20548819400127638,Low,High,Medium,December,33,Low,0.32828823683396424,0.7391742195367574,1.272950650371998
2017-12-03,290.56333333333333,81.5,0.1506062539885131,Medium,High,Low,December,19,Low,0.06514599842935809,0.8086606243705944,1.0244128767884657
2017-12-04,289.8704166666667,70.20833333333333,0.5290363752393109,Medium,Medium,High,December,34,Low,0.11461531139192183,0.6722054380664653,1.3158571246976978
2017-12-05,290.68875,76.875,0.3375877472878111,Medium,High,High,December,36,Low,0.05619214202422536,0.7527693856998994,1.1465492750119357
2017-12-06,290.6816666666667,64.625,0.4575622208040843,Medium,Medium,High,December,54,Medium,0.05669784155541371,0.6047331319234643,1.1189931942829625
2017-12-07,297.00416666666666,75.16666666666667,0.421825143586471,High,High,High,December,32,Low,0.3922384046072217,0.732124874118832,1.5461884223125248
2017-12-08,296.4941666666667,74.91666666666667,0.10912571793235483,High,High,Low,December,38,Medium,0.3558280383617738,0.7291037260825782,1.194057482376707
2017-12-09,297.54625,75.66666666666667,0.3190810465858328,High,High,High,December,20,Low,0.4309392922586332,0.7381671701913395,1.4881875090358054
2017-12-10,292.1125,72.125,0.11104020421186983,Medium,Medium,Low,December,33,Low,0.043008257775878085,0.6953675730110777,0.8494160349988256
2017-12-11,289.00375,80.70833333333333,0.07466496490108489,Low,High,Low,December,41,Medium,0.17648913638418787,0.799093655589124,1.0502477568743969
